,filepath,class
0,Piper Betle (Betel)/13626.jpg,Piper Betle (Betel)
1,Piper Betle (Betel)/12551.jpg,Piper Betle (Betel)
2,Piper Betle (Betel)/7786.jpg,Piper Betle (Betel)
3,Piper Betle (Betel)/13031.jpg,Piper Betle (Betel)
4,Piper Betle (Betel)/19409.jpg,Piper Betle (Betel)
5,Piper Betle (Betel)/11097.jpg,Piper Betle (Betel)
6,Piper Betle (Betel)/5434.jpg,Piper Betle (Betel)
7,Piper Betle (Betel)/13580.jpg,Piper Betle (Betel)
8,Piper Betle (Betel)/13094.jpg,Piper Betle (Betel)
9,Piper Betle (Betel)/18201.jpg,Piper Betle (Betel)
10,Piper Betle (Betel)/3025.jpg,Piper Betle (Betel)
11,Piper Betle (Betel)/14120.jpg,Piper Betle (Betel)
12,Piper Betle (Betel)/14186.jpg,Piper Betle (Betel)
13,Piper Betle (Betel)/8328.jpg,Piper Betle (Betel)
14,Piper Betle (Betel)/17500.jpg,Piper Betle (Betel)
15,Piper Betle (Betel)/17969.jpg,Piper Betle (Betel)
16,Piper Betle (Betel)/16610.jpg,Piper Betle (Betel)
17,Piper Betle (Betel)/10271.jpg,Piper Betle (Betel)
18,Piper Betle (Betel)/14601.jpg,Piper Betle (Betel)
19,Piper Betle (Betel)/7994.jpg,Piper Betle (Betel)
20,Piper Betle (Betel)/18146.jpg,Piper Betle (Betel)
21,Piper Betle (Betel)/16761.jpg,Piper Betle (Betel)
22,Piper Betle (Betel)/11076.jpg,Piper Betle (Betel)
23,Piper Betle (Betel)/6343.jpg,Piper Betle (Betel)
24,Piper Betle (Betel)/13614.jpg,Piper Betle (Betel)
25,Piper Betle (Betel)/10504.jpg,Piper Betle (Betel)
26,Piper Betle (Betel)/15601.jpg,Piper Betle (Betel)
27,Piper Betle (Betel)/8082.jpg,Piper Betle (Betel)
28,Piper Betle (Betel)/4232.jpg,Piper Betle (Betel)
29,Piper Betle (Betel)/1804.jpg,Piper Betle (Betel)
30,Piper Betle (Betel)/11249.jpg,Piper Betle (Betel)
31,Piper Betle (Betel)/13417.jpg,Piper Betle (Betel)
32,Piper Betle (Betel)/3108.jpg,Piper Betle (Betel)
33,Piper Betle (Betel)/3416.jpg,Piper Betle (Betel)
34,Piper Betle (Betel)/13258.jpg,Piper Betle (Betel)
35,Piper Betle (Betel)/15467.jpg,Piper Betle (Betel)
36,Piper Betle (Betel)/9498.jpg,Piper Betle (Betel)
37,Piper Betle (Betel)/13917.jpg,Piper Betle (Betel)
38,Piper Betle (Betel)/14217.jpg,Piper Betle (Betel)
39,Piper Betle (Betel)/7607.jpg,Piper Betle (Betel)
40,Artocarpus Heterophyllus (Jackfruit)/7982.jpg,Artocarpus Heterophyllus (Jackfruit)
41,Artocarpus Heterophyllus (Jackfruit)/6688.jpg,Artocarpus Heterophyllus (Jackfruit)
42,Artocarpus Heterophyllus (Jackfruit)/11151.jpg,Artocarpus Heterophyllus (Jackfruit)
43,Artocarpus Heterophyllus (Jackfruit)/2366.jpg,Artocarpus Heterophyllus (Jackfruit)
44,Artocarpus Heterophyllus (Jackfruit)/11203.jpg,Artocarpus Heterophyllus (Jackfruit)
45,Artocarpus Heterophyllus (Jackfruit)/8049.jpg,Artocarpus Heterophyllus (Jackfruit)
46,Artocarpus Heterophyllus (Jackfruit)/9625.jpg,Artocarpus Heterophyllus (Jackfruit)
47,Artocarpus Heterophyllus (Jackfruit)/7756.jpg,Artocarpus Heterophyllus (Jackfruit)
48,Artocarpus Heterophyllus (Jackfruit)/7868.jpg,Artocarpus Heterophyllus (Jackfruit)
49,Artocarpus Heterophyllus (Jackfruit)/17486.jpg,Artocarpus Heterophyllus (Jackfruit)
50,Artocarpus Heterophyllus (Jackfruit)/4688.jpg,Artocarpus Heterophyllus (Jackfruit)
51,Artocarpus Heterophyllus (Jackfruit)/12626.jpg,Artocarpus Heterophyllus (Jackfruit)
52,Artocarpus Heterophyllus (Jackfruit)/6011.jpg,Artocarpus Heterophyllus (Jackfruit)
53,Artocarpus Heterophyllus (Jackfruit)/2281.jpg,Artocarpus Heterophyllus (Jackfruit)
54,Artocarpus Heterophyllus (Jackfruit)/13916.jpg,Artocarpus Heterophyllus (Jackfruit)
55,Artocarpus Heterophyllus (Jackfruit)/4057.jpg,Artocarpus Heterophyllus (Jackfruit)
56,Artocarpus Heterophyllus (Jackfruit)/19157.jpg,Artocarpus Heterophyllus (Jackfruit)
57,Artocarpus Heterophyllus (Jackfruit)/7349.jpg,Artocarpus Heterophyllus (Jackfruit)
58,Artocarpus Heterophyllus (Jackfruit)/7655.jpg,Artocarpus Heterophyllus (Jackfruit)
59,Artocarpus Heterophyllus (Jackfruit)/12796.jpg,Artocarpus Heterophyllus (Jackfruit)
60,Artocarpus Heterophyllus (Jackfruit)/18973.jpg,Artocarpus Heterophyllus (Jackfruit)
61,Artocarpus Heterophyllus (Jackfruit)/6871.jpg,Artocarpus Heterophyllus (Jackfruit)
62,Artocarpus Heterophyllus (Jackfruit)/6473.jpg,Artocarpus Heterophyllus (Jackfruit)
63,Artocarpus Heterophyllus (Jackfruit)/18542.jpg,Artocarpus Heterophyllus (Jackfruit)
64,Artocarpus Heterophyllus (Jackfruit)/13066.jpg,Artocarpus Heterophyllus (Jackfruit)
65,Artocarpus Heterophyllus (Jackfruit)/12558.jpg,Artocarpus Heterophyllus (Jackfruit)
66,Artocarpus Heterophyllus (Jackfruit)/19840.jpg,Artocarpus Heterophyllus (Jackfruit)
67,Artocarpus Heterophyllus (Jackfruit)/3700.jpg,Artocarpus Heterophyllus (Jackfruit)
68,Artocarpus Heterophyllus (Jackfruit)/9796.jpg,Artocarpus Heterophyllus (Jackfruit)
69,Artocarpus Heterophyllus (Jackfruit)/6242.jpg,Artocarpus Heterophyllus (Jackfruit)
70,Artocarpus Heterophyllus (Jackfruit)/9716.jpg,Artocarpus Heterophyllus (Jackfruit)
71,Artocarpus Heterophyllus (Jackfruit)/9732.jpg,Artocarpus Heterophyllus (Jackfruit)
72,Artocarpus Heterophyllus (Jackfruit)/10588.jpg,Artocarpus Heterophyllus (Jackfruit)
73,Artocarpus Heterophyllus (Jackfruit)/7778.jpg,Artocarpus Heterophyllus (Jackfruit)
74,Artocarpus Heterophyllus (Jackfruit)/4018.jpg,Artocarpus Heterophyllus (Jackfruit)
75,Artocarpus Heterophyllus (Jackfruit)/7836.jpg,Artocarpus Heterophyllus (Jackfruit)
76,Artocarpus Heterophyllus (Jackfruit)/1531.jpg,Artocarpus Heterophyllus (Jackfruit)
77,Artocarpus Heterophyllus (Jackfruit)/8439.jpg,Artocarpus Heterophyllus (Jackfruit)
78,Artocarpus Heterophyllus (Jackfruit)/2525.jpg,Artocarpus Heterophyllus (Jackfruit)
79,Artocarpus Heterophyllus (Jackfruit)/3142.jpg,Artocarpus Heterophyllus (Jackfruit)
80,Basella Alba (Basale)/17625.jpg,Basella Alba (Basale)
81,Basella Alba (Basale)/19936.jpg,Basella Alba (Basale)
82,Basella Alba (Basale)/14651.jpg,Basella Alba (Basale)
83,Basella Alba (Basale)/10774.jpg,Basella Alba (Basale)
84,Basella Alba (Basale)/10163.jpg,Basella Alba (Basale)
85,Basella Alba (Basale)/15087.jpg,Basella Alba (Basale)
86,Basella Alba (Basale)/10506.jpg,Basella Alba (Basale)
87,Basella Alba (Basale)/17925.jpg,Basella Alba (Basale)
88,Basella Alba (Basale)/7571.jpg,Basella Alba (Basale)
89,Basella Alba (Basale)/8801.jpg,Basella Alba (Basale)
90,Basella Alba (Basale)/12447.jpg,Basella Alba (Basale)
91,Basella Alba (Basale)/14102.jpg,Basella Alba (Basale)
92,Basella Alba (Basale)/9459.jpg,Basella Alba (Basale)
93,Basella Alba (Basale)/6753.jpg,Basella Alba (Basale)
94,Basella Alba (Basale)/11575.jpg,Basella Alba (Basale)
95,Basella Alba (Basale)/9227.jpg,Basella Alba (Basale)
96,Basella Alba (Basale)/5290.jpg,Basella Alba (Basale)
97,Basella Alba (Basale)/4981.jpg,Basella Alba (Basale)
98,Basella Alba (Basale)/12630.jpg,Basella Alba (Basale)
99,Basella Alba (Basale)/5862.jpg,Basella Alba (Basale)
100,Basella Alba (Basale)/3395.jpg,Basella Alba (Basale)
101,Basella Alba (Basale)/16988.jpg,Basella Alba (Basale)
102,Basella Alba (Basale)/8587.jpg,Basella Alba (Basale)
103,Basella Alba (Basale)/16962.jpg,Basella Alba (Basale)
104,Basella Alba (Basale)/15394.jpg,Basella Alba (Basale)
105,Basella Alba (Basale)/11569.jpg,Basella Alba (Basale)
106,Basella Alba (Basale)/5946.jpg,Basella Alba (Basale)
107,Basella Alba (Basale)/14929.jpg,Basella Alba (Basale)
108,Basella Alba (Basale)/17624.jpg,Basella Alba (Basale)
109,Basella Alba (Basale)/17211.jpg,Basella Alba (Basale)
110,Basella Alba (Basale)/18131.jpg,Basella Alba (Basale)
111,Basella Alba (Basale)/16463.jpg,Basella Alba (Basale)
112,Basella Alba (Basale)/18028.jpg,Basella Alba (Basale)
113,Basella Alba (Basale)/2812.jpg,Basella Alba (Basale)
114,Basella Alba (Basale)/5841.jpg,Basella Alba (Basale)
115,Basella Alba (Basale)/5953.jpg,Basella Alba (Basale)
116,Basella Alba (Basale)/1697.jpg,Basella Alba (Basale)
117,Basella Alba (Basale)/7326.jpg,Basella Alba (Basale)
118,Basella Alba (Basale)/13243.jpg,Basella Alba (Basale)
119,Basella Alba (Basale)/12450.jpg,Basella Alba (Basale)
120,Jasminum (Jasmine)/6378.jpg,Jasminum (Jasmine)
121,Jasminum (Jasmine)/1246.jpg,Jasminum (Jasmine)
122,Jasminum (Jasmine)/12285.jpg,Jasminum (Jasmine)
123,Jasminum (Jasmine)/14580.jpg,Jasminum (Jasmine)
124,Jasminum (Jasmine)/10205.jpg,Jasminum (Jasmine)
125,Jasminum (Jasmine)/2655.jpg,Jasminum (Jasmine)
126,Jasminum (Jasmine)/5213.jpg,Jasminum (Jasmine)
127,Jasminum (Jasmine)/11918.jpg,Jasminum (Jasmine)
128,Jasminum (Jasmine)/15100.jpg,Jasminum (Jasmine)
129,Jasminum (Jasmine)/15930.jpg,Jasminum (Jasmine)
130,Jasminum (Jasmine)/10583.jpg,Jasminum (Jasmine)
131,Jasminum (Jasmine)/7047.jpg,Jasminum (Jasmine)
132,Jasminum (Jasmine)/14965.jpg,Jasminum (Jasmine)
133,Jasminum (Jasmine)/4745.jpg,Jasminum (Jasmine)
134,Jasminum (Jasmine)/3267.jpg,Jasminum (Jasmine)
135,Jasminum (Jasmine)/3268.jpg,Jasminum (Jasmine)
136,Jasminum (Jasmine)/13416.jpg,Jasminum (Jasmine)
137,Jasminum (Jasmine)/7057.jpg,Jasminum (Jasmine)
138,Jasminum (Jasmine)/10933.jpg,Jasminum (Jasmine)
139,Jasminum (Jasmine)/13391.jpg,Jasminum (Jasmine)
140,Jasminum (Jasmine)/13609.jpg,Jasminum (Jasmine)
141,Jasminum (Jasmine)/9652.jpg,Jasminum (Jasmine)
142,Jasminum (Jasmine)/15972.jpg,Jasminum (Jasmine)
143,Jasminum (Jasmine)/9140.jpg,Jasminum (Jasmine)
144,Jasminum (Jasmine)/5804.jpg,Jasminum (Jasmine)
145,Jasminum (Jasmine)/13287.jpg,Jasminum (Jasmine)
146,Jasminum (Jasmine)/3294.jpg,Jasminum (Jasmine)
147,Jasminum (Jasmine)/4064.jpg,Jasminum (Jasmine)
148,Jasminum (Jasmine)/1233.jpg,Jasminum (Jasmine)
149,Jasminum (Jasmine)/10740.jpg,Jasminum (Jasmine)
150,Jasminum (Jasmine)/13170.jpg,Jasminum (Jasmine)
151,Jasminum (Jasmine)/3541.jpg,Jasminum (Jasmine)
152,Jasminum (Jasmine)/7282.jpg,Jasminum (Jasmine)
153,Jasminum (Jasmine)/7393.jpg,Jasminum (Jasmine)
154,Jasminum (Jasmine)/16100.jpg,Jasminum (Jasmine)
155,Jasminum (Jasmine)/14173.jpg,Jasminum (Jasmine)
156,Jasminum (Jasmine)/6792.jpg,Jasminum (Jasmine)
157,Jasminum (Jasmine)/6140.jpg,Jasminum (Jasmine)
158,Jasminum (Jasmine)/5970.jpg,Jasminum (Jasmine)
159,Jasminum (Jasmine)/13434.jpg,Jasminum (Jasmine)
160,Amaranthus Viridis (Arive-Dantu)/3826.jpg,Amaranthus Viridis (Arive-Dantu)
161,Amaranthus Viridis (Arive-Dantu)/9328.jpg,Amaranthus Viridis (Arive-Dantu)
162,Amaranthus Viridis (Arive-Dantu)/9802.jpg,Amaranthus Viridis (Arive-Dantu)
163,Amaranthus Viridis (Arive-Dantu)/6272.jpg,Amaranthus Viridis (Arive-Dantu)
164,Amaranthus Viridis (Arive-Dantu)/2769.jpg,Amaranthus Viridis (Arive-Dantu)
165,Amaranthus Viridis (Arive-Dantu)/3138.jpg,Amaranthus Viridis (Arive-Dantu)
166,Amaranthus Viridis (Arive-Dantu)/11939.jpg,Amaranthus Viridis (Arive-Dantu)
167,Amaranthus Viridis (Arive-Dantu)/15017.jpg,Amaranthus Viridis (Arive-Dantu)
168,Amaranthus Viridis (Arive-Dantu)/12391.jpg,Amaranthus Viridis (Arive-Dantu)
169,Amaranthus Viridis (Arive-Dantu)/8595.jpg,Amaranthus Viridis (Arive-Dantu)
170,Amaranthus Viridis (Arive-Dantu)/15214.jpg,Amaranthus Viridis (Arive-Dantu)
171,Amaranthus Viridis (Arive-Dantu)/2666.jpg,Amaranthus Viridis (Arive-Dantu)
172,Amaranthus Viridis (Arive-Dantu)/19322.jpg,Amaranthus Viridis (Arive-Dantu)
173,Amaranthus Viridis (Arive-Dantu)/14674.jpg,Amaranthus Viridis (Arive-Dantu)
174,Amaranthus Viridis (Arive-Dantu)/17831.jpg,Amaranthus Viridis (Arive-Dantu)
175,Amaranthus Viridis (Arive-Dantu)/10929.jpg,Amaranthus Viridis (Arive-Dantu)
176,Amaranthus Viridis (Arive-Dantu)/6995.jpg,Amaranthus Viridis (Arive-Dantu)
177,Amaranthus Viridis (Arive-Dantu)/10756.jpg,Amaranthus Viridis (Arive-Dantu)
178,Amaranthus Viridis (Arive-Dantu)/13274.jpg,Amaranthus Viridis (Arive-Dantu)
179,Amaranthus Viridis (Arive-Dantu)/9081.jpg,Amaranthus Viridis (Arive-Dantu)
180,Amaranthus Viridis (Arive-Dantu)/10006.jpg,Amaranthus Viridis (Arive-Dantu)
181,Amaranthus Viridis (Arive-Dantu)/14904.jpg,Amaranthus Viridis (Arive-Dantu)
182,Amaranthus Viridis (Arive-Dantu)/16615.jpg,Amaranthus Viridis (Arive-Dantu)
183,Amaranthus Viridis (Arive-Dantu)/2808.jpg,Amaranthus Viridis (Arive-Dantu)
184,Amaranthus Viridis (Arive-Dantu)/4636.jpg,Amaranthus Viridis (Arive-Dantu)
185,Amaranthus Viridis (Arive-Dantu)/11574.jpg,Amaranthus Viridis (Arive-Dantu)
186,Amaranthus Viridis (Arive-Dantu)/16963.jpg,Amaranthus Viridis (Arive-Dantu)
187,Amaranthus Viridis (Arive-Dantu)/10267.jpg,Amaranthus Viridis (Arive-Dantu)
188,Amaranthus Viridis (Arive-Dantu)/4710.jpg,Amaranthus Viridis (Arive-Dantu)
189,Amaranthus Viridis (Arive-Dantu)/14197.jpg,Amaranthus Viridis (Arive-Dantu)
190,Amaranthus Viridis (Arive-Dantu)/18686.jpg,Amaranthus Viridis (Arive-Dantu)
191,Amaranthus Viridis (Arive-Dantu)/18202.jpg,Amaranthus Viridis (Arive-Dantu)
192,Amaranthus Viridis (Arive-Dantu)/19438.jpg,Amaranthus Viridis (Arive-Dantu)
193,Amaranthus Viridis (Arive-Dantu)/16081.jpg,Amaranthus Viridis (Arive-Dantu)
194,Amaranthus Viridis (Arive-Dantu)/19410.jpg,Amaranthus Viridis (Arive-Dantu)
195,Amaranthus Viridis (Arive-Dantu)/2776.jpg,Amaranthus Viridis (Arive-Dantu)
196,Amaranthus Viridis (Arive-Dantu)/5847.jpg,Amaranthus Viridis (Arive-Dantu)
197,Amaranthus Viridis (Arive-Dantu)/9448.jpg,Amaranthus Viridis (Arive-Dantu)
198,Amaranthus Viridis (Arive-Dantu)/6434.jpg,Amaranthus Viridis (Arive-Dantu)
199,Amaranthus Viridis (Arive-Dantu)/7966.jpg,Amaranthus Viridis (Arive-Dantu)
200,Nerium Oleander (Oleander)/13834.jpg,Nerium Oleander (Oleander)
201,Nerium Oleander (Oleander)/9851.jpg,Nerium Oleander (Oleander)
202,Nerium Oleander (Oleander)/18190.jpg,Nerium Oleander (Oleander)
203,Nerium Oleander (Oleander)/13026.jpg,Nerium Oleander (Oleander)
204,Nerium Oleander (Oleander)/3367.jpg,Nerium Oleander (Oleander)
205,Nerium Oleander (Oleander)/2598.jpg,Nerium Oleander (Oleander)
206,Nerium Oleander (Oleander)/3953.jpg,Nerium Oleander (Oleander)
207,Nerium Oleander (Oleander)/18783.jpg,Nerium Oleander (Oleander)
208,Nerium Oleander (Oleander)/7181.jpg,Nerium Oleander (Oleander)
209,Nerium Oleander (Oleander)/6845.jpg,Nerium Oleander (Oleander)
210,Nerium Oleander (Oleander)/2842.jpg,Nerium Oleander (Oleander)
211,Nerium Oleander (Oleander)/14967.jpg,Nerium Oleander (Oleander)
212,Nerium Oleander (Oleander)/2091.jpg,Nerium Oleander (Oleander)
213,Nerium Oleander (Oleander)/19795.jpg,Nerium Oleander (Oleander)
214,Nerium Oleander (Oleander)/18334.jpg,Nerium Oleander (Oleander)
215,Nerium Oleander (Oleander)/9134.jpg,Nerium Oleander (Oleander)
216,Nerium Oleander (Oleander)/11226.jpg,Nerium Oleander (Oleander)
217,Nerium Oleander (Oleander)/4568.jpg,Nerium Oleander (Oleander)
218,Nerium Oleander (Oleander)/16102.jpg,Nerium Oleander (Oleander)
219,Nerium Oleander (Oleander)/17032.jpg,Nerium Oleander (Oleander)
220,Nerium Oleander (Oleander)/14711.jpg,Nerium Oleander (Oleander)
221,Nerium Oleander (Oleander)/10251.jpg,Nerium Oleander (Oleander)
222,Nerium Oleander (Oleander)/10821.jpg,Nerium Oleander (Oleander)
223,Nerium Oleander (Oleander)/11297.jpg,Nerium Oleander (Oleander)
224,Nerium Oleander (Oleander)/4941.jpg,Nerium Oleander (Oleander)
225,Nerium Oleander (Oleander)/15605.jpg,Nerium Oleander (Oleander)
226,Nerium Oleander (Oleander)/15602.jpg,Nerium Oleander (Oleander)
227,Nerium Oleander (Oleander)/1931.jpg,Nerium Oleander (Oleander)
228,Nerium Oleander (Oleander)/16759.jpg,Nerium Oleander (Oleander)
229,Nerium Oleander (Oleander)/11240.jpg,Nerium Oleander (Oleander)
230,Nerium Oleander (Oleander)/18056.jpg,Nerium Oleander (Oleander)
231,Nerium Oleander (Oleander)/1057.jpg,Nerium Oleander (Oleander)
232,Nerium Oleander (Oleander)/4544.jpg,Nerium Oleander (Oleander)
233,Nerium Oleander (Oleander)/1474.jpg,Nerium Oleander (Oleander)
234,Nerium Oleander (Oleander)/13222.jpg,Nerium Oleander (Oleander)
235,Nerium Oleander (Oleander)/2304.jpg,Nerium Oleander (Oleander)
236,Nerium Oleander (Oleander)/7547.jpg,Nerium Oleander (Oleander)
237,Nerium Oleander (Oleander)/18416.jpg,Nerium Oleander (Oleander)
238,Nerium Oleander (Oleander)/5248.jpg,Nerium Oleander (Oleander)
239,Nerium Oleander (Oleander)/15515.jpg,Nerium Oleander (Oleander)
240,Mangifera Indica (Mango)/16905.jpg,Mangifera Indica (Mango)
241,Mangifera Indica (Mango)/8337.jpg,Mangifera Indica (Mango)
242,Mangifera Indica (Mango)/12352.jpg,Mangifera Indica (Mango)
243,Mangifera Indica (Mango)/5617.jpg,Mangifera Indica (Mango)
244,Mangifera Indica (Mango)/11769.jpg,Mangifera Indica (Mango)
245,Mangifera Indica (Mango)/5798.jpg,Mangifera Indica (Mango)
246,Mangifera Indica (Mango)/1200.jpg,Mangifera Indica (Mango)
247,Mangifera Indica (Mango)/2273.jpg,Mangifera Indica (Mango)
248,Mangifera Indica (Mango)/17852.jpg,Mangifera Indica (Mango)
249,Mangifera Indica (Mango)/10677.jpg,Mangifera Indica (Mango)
250,Mangifera Indica (Mango)/1147.jpg,Mangifera Indica (Mango)
251,Mangifera Indica (Mango)/8068.jpg,Mangifera Indica (Mango)
252,Mangifera Indica (Mango)/15121.jpg,Mangifera Indica (Mango)
253,Mangifera Indica (Mango)/5222.jpg,Mangifera Indica (Mango)
254,Mangifera Indica (Mango)/14956.jpg,Mangifera Indica (Mango)
255,Mangifera Indica (Mango)/2681.jpg,Mangifera Indica (Mango)
256,Mangifera Indica (Mango)/19904.jpg,Mangifera Indica (Mango)
257,Mangifera Indica (Mango)/11920.jpg,Mangifera Indica (Mango)
258,Mangifera Indica (Mango)/4168.jpg,Mangifera Indica (Mango)
259,Mangifera Indica (Mango)/3402.jpg,Mangifera Indica (Mango)
260,Mangifera Indica (Mango)/14732.jpg,Mangifera Indica (Mango)
261,Mangifera Indica (Mango)/8661.jpg,Mangifera Indica (Mango)
262,Mangifera Indica (Mango)/18375.jpg,Mangifera Indica (Mango)
263,Mangifera Indica (Mango)/2969.jpg,Mangifera Indica (Mango)
264,Mangifera Indica (Mango)/9031.jpg,Mangifera Indica (Mango)
265,Mangifera Indica (Mango)/4245.jpg,Mangifera Indica (Mango)
266,Mangifera Indica (Mango)/18666.jpg,Mangifera Indica (Mango)
267,Mangifera Indica (Mango)/11688.jpg,Mangifera Indica (Mango)
268,Mangifera Indica (Mango)/1858.jpg,Mangifera Indica (Mango)
269,Mangifera Indica (Mango)/2987.jpg,Mangifera Indica (Mango)
270,Mangifera Indica (Mango)/1762.jpg,Mangifera Indica (Mango)
271,Mangifera Indica (Mango)/2585.jpg,Mangifera Indica (Mango)
272,Mangifera Indica (Mango)/3355.jpg,Mangifera Indica (Mango)
273,Mangifera Indica (Mango)/15996.jpg,Mangifera Indica (Mango)
274,Mangifera Indica (Mango)/15673.jpg,Mangifera Indica (Mango)
275,Mangifera Indica (Mango)/19865.jpg,Mangifera Indica (Mango)
276,Mangifera Indica (Mango)/4949.jpg,Mangifera Indica (Mango)
277,Mangifera Indica (Mango)/18954.jpg,Mangifera Indica (Mango)
278,Mangifera Indica (Mango)/16649.jpg,Mangifera Indica (Mango)
279,Mangifera Indica (Mango)/8610.jpg,Mangifera Indica (Mango)
280,Tabernaemontana Divaricata (Crape Jasmine)/5153.jpg,Tabernaemontana Divaricata (Crape Jasmine)
281,Tabernaemontana Divaricata (Crape Jasmine)/3365.jpg,Tabernaemontana Divaricata (Crape Jasmine)
282,Tabernaemontana Divaricata (Crape Jasmine)/19970.jpg,Tabernaemontana Divaricata (Crape Jasmine)
283,Tabernaemontana Divaricata (Crape Jasmine)/2710.jpg,Tabernaemontana Divaricata (Crape Jasmine)
284,Tabernaemontana Divaricata (Crape Jasmine)/8697.jpg,Tabernaemontana Divaricata (Crape Jasmine)
285,Tabernaemontana Divaricata (Crape Jasmine)/8157.jpg,Tabernaemontana Divaricata (Crape Jasmine)
286,Tabernaemontana Divaricata (Crape Jasmine)/2146.jpg,Tabernaemontana Divaricata (Crape Jasmine)
287,Tabernaemontana Divaricata (Crape Jasmine)/9761.jpg,Tabernaemontana Divaricata (Crape Jasmine)
288,Tabernaemontana Divaricata (Crape Jasmine)/16469.jpg,Tabernaemontana Divaricata (Crape Jasmine)
289,Tabernaemontana Divaricata (Crape Jasmine)/19129.jpg,Tabernaemontana Divaricata (Crape Jasmine)
290,Tabernaemontana Divaricata (Crape Jasmine)/19116.jpg,Tabernaemontana Divaricata (Crape Jasmine)
291,Tabernaemontana Divaricata (Crape Jasmine)/10798.jpg,Tabernaemontana Divaricata (Crape Jasmine)
292,Tabernaemontana Divaricata (Crape Jasmine)/13578.jpg,Tabernaemontana Divaricata (Crape Jasmine)
293,Tabernaemontana Divaricata (Crape Jasmine)/9181.jpg,Tabernaemontana Divaricata (Crape Jasmine)
294,Tabernaemontana Divaricata (Crape Jasmine)/5568.jpg,Tabernaemontana Divaricata (Crape Jasmine)
295,Tabernaemontana Divaricata (Crape Jasmine)/3390.jpg,Tabernaemontana Divaricata (Crape Jasmine)
296,Tabernaemontana Divaricata (Crape Jasmine)/9754.jpg,Tabernaemontana Divaricata (Crape Jasmine)
297,Tabernaemontana Divaricata (Crape Jasmine)/18270.jpg,Tabernaemontana Divaricata (Crape Jasmine)
298,Tabernaemontana Divaricata (Crape Jasmine)/8119.jpg,Tabernaemontana Divaricata (Crape Jasmine)
299,Tabernaemontana Divaricata (Crape Jasmine)/3566.jpg,Tabernaemontana Divaricata (Crape Jasmine)
300,Tabernaemontana Divaricata (Crape Jasmine)/1571.jpg,Tabernaemontana Divaricata (Crape Jasmine)
301,Tabernaemontana Divaricata (Crape Jasmine)/10473.jpg,Tabernaemontana Divaricata (Crape Jasmine)
302,Tabernaemontana Divaricata (Crape Jasmine)/10231.jpg,Tabernaemontana Divaricata (Crape Jasmine)
303,Tabernaemontana Divaricata (Crape Jasmine)/12423.jpg,Tabernaemontana Divaricata (Crape Jasmine)
304,Tabernaemontana Divaricata (Crape Jasmine)/4814.jpg,Tabernaemontana Divaricata (Crape Jasmine)
305,Tabernaemontana Divaricata (Crape Jasmine)/6363.jpg,Tabernaemontana Divaricata (Crape Jasmine)
306,Tabernaemontana Divaricata (Crape Jasmine)/9488.jpg,Tabernaemontana Divaricata (Crape Jasmine)
307,Tabernaemontana Divaricata (Crape Jasmine)/16971.jpg,Tabernaemontana Divaricata (Crape Jasmine)
308,Tabernaemontana Divaricata (Crape Jasmine)/11346.jpg,Tabernaemontana Divaricata (Crape Jasmine)
309,Tabernaemontana Divaricata (Crape Jasmine)/9313.jpg,Tabernaemontana Divaricata (Crape Jasmine)
310,Tabernaemontana Divaricata (Crape Jasmine)/4529.jpg,Tabernaemontana Divaricata (Crape Jasmine)
311,Tabernaemontana Divaricata (Crape Jasmine)/2228.jpg,Tabernaemontana Divaricata (Crape Jasmine)
312,Tabernaemontana Divaricata (Crape Jasmine)/3232.jpg,Tabernaemontana Divaricata (Crape Jasmine)
313,Tabernaemontana Divaricata (Crape Jasmine)/2880.jpg,Tabernaemontana Divaricata (Crape Jasmine)
314,Tabernaemontana Divaricata (Crape Jasmine)/11745.jpg,Tabernaemontana Divaricata (Crape Jasmine)
315,Tabernaemontana Divaricata (Crape Jasmine)/14082.jpg,Tabernaemontana Divaricata (Crape Jasmine)
316,Tabernaemontana Divaricata (Crape Jasmine)/7561.jpg,Tabernaemontana Divaricata (Crape Jasmine)
317,Tabernaemontana Divaricata (Crape Jasmine)/6725.jpg,Tabernaemontana Divaricata (Crape Jasmine)
318,Tabernaemontana Divaricata (Crape Jasmine)/8385.jpg,Tabernaemontana Divaricata (Crape Jasmine)
319,Tabernaemontana Divaricata (Crape Jasmine)/7453.jpg,Tabernaemontana Divaricata (Crape Jasmine)
320,Plectranthus Amboinicus (Mexican Mint)/12702.jpg,Plectranthus Amboinicus (Mexican Mint)
321,Plectranthus Amboinicus (Mexican Mint)/2822.jpg,Plectranthus Amboinicus (Mexican Mint)
322,Plectranthus Amboinicus (Mexican Mint)/2561.jpg,Plectranthus Amboinicus (Mexican Mint)
323,Plectranthus Amboinicus (Mexican Mint)/4448.jpg,Plectranthus Amboinicus (Mexican Mint)
324,Plectranthus Amboinicus (Mexican Mint)/14249.jpg,Plectranthus Amboinicus (Mexican Mint)
325,Plectranthus Amboinicus (Mexican Mint)/18951.jpg,Plectranthus Amboinicus (Mexican Mint)
326,Plectranthus Amboinicus (Mexican Mint)/8219.jpg,Plectranthus Amboinicus (Mexican Mint)
327,Plectranthus Amboinicus (Mexican Mint)/1604.jpg,Plectranthus Amboinicus (Mexican Mint)
328,Plectranthus Amboinicus (Mexican Mint)/10360.jpg,Plectranthus Amboinicus (Mexican Mint)
329,Plectranthus Amboinicus (Mexican Mint)/3724.jpg,Plectranthus Amboinicus (Mexican Mint)
330,Plectranthus Amboinicus (Mexican Mint)/19784.jpg,Plectranthus Amboinicus (Mexican Mint)
331,Plectranthus Amboinicus (Mexican Mint)/17650.jpg,Plectranthus Amboinicus (Mexican Mint)
332,Plectranthus Amboinicus (Mexican Mint)/13929.jpg,Plectranthus Amboinicus (Mexican Mint)
333,Plectranthus Amboinicus (Mexican Mint)/3506.jpg,Plectranthus Amboinicus (Mexican Mint)
334,Plectranthus Amboinicus (Mexican Mint)/11014.jpg,Plectranthus Amboinicus (Mexican Mint)
335,Plectranthus Amboinicus (Mexican Mint)/4164.jpg,Plectranthus Amboinicus (Mexican Mint)
336,Plectranthus Amboinicus (Mexican Mint)/15112.jpg,Plectranthus Amboinicus (Mexican Mint)
337,Plectranthus Amboinicus (Mexican Mint)/8009.jpg,Plectranthus Amboinicus (Mexican Mint)
338,Plectranthus Amboinicus (Mexican Mint)/11624.jpg,Plectranthus Amboinicus (Mexican Mint)
339,Plectranthus Amboinicus (Mexican Mint)/17497.jpg,Plectranthus Amboinicus (Mexican Mint)
340,Plectranthus Amboinicus (Mexican Mint)/16788.jpg,Plectranthus Amboinicus (Mexican Mint)
341,Plectranthus Amboinicus (Mexican Mint)/6083.jpg,Plectranthus Amboinicus (Mexican Mint)
342,Plectranthus Amboinicus (Mexican Mint)/12041.jpg,Plectranthus Amboinicus (Mexican Mint)
343,Plectranthus Amboinicus (Mexican Mint)/7380.jpg,Plectranthus Amboinicus (Mexican Mint)
344,Plectranthus Amboinicus (Mexican Mint)/13433.jpg,Plectranthus Amboinicus (Mexican Mint)
345,Plectranthus Amboinicus (Mexican Mint)/6114.jpg,Plectranthus Amboinicus (Mexican Mint)
346,Plectranthus Amboinicus (Mexican Mint)/7370.jpg,Plectranthus Amboinicus (Mexican Mint)
347,Plectranthus Amboinicus (Mexican Mint)/2517.jpg,Plectranthus Amboinicus (Mexican Mint)
348,Plectranthus Amboinicus (Mexican Mint)/16045.jpg,Plectranthus Amboinicus (Mexican Mint)
349,Plectranthus Amboinicus (Mexican Mint)/1982.jpg,Plectranthus Amboinicus (Mexican Mint)
350,Plectranthus Amboinicus (Mexican Mint)/16382.jpg,Plectranthus Amboinicus (Mexican Mint)
351,Plectranthus Amboinicus (Mexican Mint)/10901.jpg,Plectranthus Amboinicus (Mexican Mint)
352,Plectranthus Amboinicus (Mexican Mint)/2811.jpg,Plectranthus Amboinicus (Mexican Mint)
353,Plectranthus Amboinicus (Mexican Mint)/10315.jpg,Plectranthus Amboinicus (Mexican Mint)
354,Plectranthus Amboinicus (Mexican Mint)/11530.jpg,Plectranthus Amboinicus (Mexican Mint)
355,Plectranthus Amboinicus (Mexican Mint)/8967.jpg,Plectranthus Amboinicus (Mexican Mint)
356,Plectranthus Amboinicus (Mexican Mint)/14676.jpg,Plectranthus Amboinicus (Mexican Mint)
357,Plectranthus Amboinicus (Mexican Mint)/11697.jpg,Plectranthus Amboinicus (Mexican Mint)
358,Plectranthus Amboinicus (Mexican Mint)/10743.jpg,Plectranthus Amboinicus (Mexican Mint)
359,Plectranthus Amboinicus (Mexican Mint)/17797.jpg,Plectranthus Amboinicus (Mexican Mint)
360,Murraya Koenigii (Curry)/4319.jpg,Murraya Koenigii (Curry)
361,Murraya Koenigii (Curry)/11841.jpg,Murraya Koenigii (Curry)
362,Murraya Koenigii (Curry)/18825.jpg,Murraya Koenigii (Curry)
363,Murraya Koenigii (Curry)/6146.jpg,Murraya Koenigii (Curry)
364,Murraya Koenigii (Curry)/11707.jpg,Murraya Koenigii (Curry)
365,Murraya Koenigii (Curry)/15704.jpg,Murraya Koenigii (Curry)
366,Murraya Koenigii (Curry)/6205.jpg,Murraya Koenigii (Curry)
367,Murraya Koenigii (Curry)/10181.jpg,Murraya Koenigii (Curry)
368,Murraya Koenigii (Curry)/13106.jpg,Murraya Koenigii (Curry)
369,Murraya Koenigii (Curry)/15888.jpg,Murraya Koenigii (Curry)
370,Murraya Koenigii (Curry)/14725.jpg,Murraya Koenigii (Curry)
371,Murraya Koenigii (Curry)/11331.jpg,Murraya Koenigii (Curry)
372,Murraya Koenigii (Curry)/9053.jpg,Murraya Koenigii (Curry)
373,Murraya Koenigii (Curry)/16566.jpg,Murraya Koenigii (Curry)
374,Murraya Koenigii (Curry)/18929.jpg,Murraya Koenigii (Curry)
375,Murraya Koenigii (Curry)/4910.jpg,Murraya Koenigii (Curry)
376,Murraya Koenigii (Curry)/12943.jpg,Murraya Koenigii (Curry)
377,Murraya Koenigii (Curry)/18154.jpg,Murraya Koenigii (Curry)
378,Murraya Koenigii (Curry)/13157.jpg,Murraya Koenigii (Curry)
379,Murraya Koenigii (Curry)/16128.jpg,Murraya Koenigii (Curry)
380,Murraya Koenigii (Curry)/15627.jpg,Murraya Koenigii (Curry)
381,Murraya Koenigii (Curry)/7987.jpg,Murraya Koenigii (Curry)
382,Murraya Koenigii (Curry)/8090.jpg,Murraya Koenigii (Curry)
383,Murraya Koenigii (Curry)/11127.jpg,Murraya Koenigii (Curry)
384,Murraya Koenigii (Curry)/16341.jpg,Murraya Koenigii (Curry)
385,Murraya Koenigii (Curry)/8263.jpg,Murraya Koenigii (Curry)
386,Murraya Koenigii (Curry)/1620.jpg,Murraya Koenigii (Curry)
387,Murraya Koenigii (Curry)/12433.jpg,Murraya Koenigii (Curry)
388,Murraya Koenigii (Curry)/7830.jpg,Murraya Koenigii (Curry)
389,Murraya Koenigii (Curry)/5196.jpg,Murraya Koenigii (Curry)
390,Murraya Koenigii (Curry)/13316.jpg,Murraya Koenigii (Curry)
391,Murraya Koenigii (Curry)/16680.jpg,Murraya Koenigii (Curry)
392,Murraya Koenigii (Curry)/13846.jpg,Murraya Koenigii (Curry)
393,Murraya Koenigii (Curry)/6538.jpg,Murraya Koenigii (Curry)
394,Murraya Koenigii (Curry)/10453.jpg,Murraya Koenigii (Curry)
395,Murraya Koenigii (Curry)/6831.jpg,Murraya Koenigii (Curry)
396,Murraya Koenigii (Curry)/19686.jpg,Murraya Koenigii (Curry)
397,Murraya Koenigii (Curry)/6614.jpg,Murraya Koenigii (Curry)
398,Murraya Koenigii (Curry)/18801.jpg,Murraya Koenigii (Curry)
399,Murraya Koenigii (Curry)/7799.jpg,Murraya Koenigii (Curry)
400,Syzygium Jambos (Rose Apple)/9295.jpg,Syzygium Jambos (Rose Apple)
401,Syzygium Jambos (Rose Apple)/17192.jpg,Syzygium Jambos (Rose Apple)
402,Syzygium Jambos (Rose Apple)/16665.jpg,Syzygium Jambos (Rose Apple)
403,Syzygium Jambos (Rose Apple)/19528.jpg,Syzygium Jambos (Rose Apple)
404,Syzygium Jambos (Rose Apple)/9576.jpg,Syzygium Jambos (Rose Apple)
405,Syzygium Jambos (Rose Apple)/12150.jpg,Syzygium Jambos (Rose Apple)
406,Syzygium Jambos (Rose Apple)/2768.jpg,Syzygium Jambos (Rose Apple)
407,Syzygium Jambos (Rose Apple)/14486.jpg,Syzygium Jambos (Rose Apple)
408,Syzygium Jambos (Rose Apple)/10640.jpg,Syzygium Jambos (Rose Apple)
409,Syzygium Jambos (Rose Apple)/1545.jpg,Syzygium Jambos (Rose Apple)
410,Syzygium Jambos (Rose Apple)/12806.jpg,Syzygium Jambos (Rose Apple)
411,Syzygium Jambos (Rose Apple)/19933.jpg,Syzygium Jambos (Rose Apple)
412,Syzygium Jambos (Rose Apple)/16706.jpg,Syzygium Jambos (Rose Apple)
413,Syzygium Jambos (Rose Apple)/19959.jpg,Syzygium Jambos (Rose Apple)
414,Syzygium Jambos (Rose Apple)/10104.jpg,Syzygium Jambos (Rose Apple)
415,Syzygium Jambos (Rose Apple)/10735.jpg,Syzygium Jambos (Rose Apple)
416,Syzygium Jambos (Rose Apple)/15047.jpg,Syzygium Jambos (Rose Apple)
417,Syzygium Jambos (Rose Apple)/13851.jpg,Syzygium Jambos (Rose Apple)
418,Syzygium Jambos (Rose Apple)/15790.jpg,Syzygium Jambos (Rose Apple)
419,Syzygium Jambos (Rose Apple)/13360.jpg,Syzygium Jambos (Rose Apple)
420,Syzygium Jambos (Rose Apple)/12680.jpg,Syzygium Jambos (Rose Apple)
421,Syzygium Jambos (Rose Apple)/3564.jpg,Syzygium Jambos (Rose Apple)
422,Syzygium Jambos (Rose Apple)/10631.jpg,Syzygium Jambos (Rose Apple)
423,Syzygium Jambos (Rose Apple)/15911.jpg,Syzygium Jambos (Rose Apple)
424,Syzygium Jambos (Rose Apple)/14981.jpg,Syzygium Jambos (Rose Apple)
425,Syzygium Jambos (Rose Apple)/8260.jpg,Syzygium Jambos (Rose Apple)
426,Syzygium Jambos (Rose Apple)/2639.jpg,Syzygium Jambos (Rose Apple)
427,Syzygium Jambos (Rose Apple)/7133.jpg,Syzygium Jambos (Rose Apple)
428,Syzygium Jambos (Rose Apple)/18196.jpg,Syzygium Jambos (Rose Apple)
429,Syzygium Jambos (Rose Apple)/7898.jpg,Syzygium Jambos (Rose Apple)
430,Syzygium Jambos (Rose Apple)/14280.jpg,Syzygium Jambos (Rose Apple)
431,Syzygium Jambos (Rose Apple)/17222.jpg,Syzygium Jambos (Rose Apple)
432,Syzygium Jambos (Rose Apple)/3776.jpg,Syzygium Jambos (Rose Apple)
433,Syzygium Jambos (Rose Apple)/7794.jpg,Syzygium Jambos (Rose Apple)
434,Syzygium Jambos (Rose Apple)/16111.jpg,Syzygium Jambos (Rose Apple)
435,Syzygium Jambos (Rose Apple)/13499.jpg,Syzygium Jambos (Rose Apple)
436,Syzygium Jambos (Rose Apple)/11546.jpg,Syzygium Jambos (Rose Apple)
437,Syzygium Jambos (Rose Apple)/4535.jpg,Syzygium Jambos (Rose Apple)
438,Syzygium Jambos (Rose Apple)/4938.jpg,Syzygium Jambos (Rose Apple)
439,Syzygium Jambos (Rose Apple)/19837.jpg,Syzygium Jambos (Rose Apple)
440,Ocimum Tenuiflorum (Tulsi)/11812.jpg,Ocimum Tenuiflorum (Tulsi)
441,Ocimum Tenuiflorum (Tulsi)/12787.jpg,Ocimum Tenuiflorum (Tulsi)
442,Ocimum Tenuiflorum (Tulsi)/15213.jpg,Ocimum Tenuiflorum (Tulsi)
443,Ocimum Tenuiflorum (Tulsi)/18427.jpg,Ocimum Tenuiflorum (Tulsi)
444,Ocimum Tenuiflorum (Tulsi)/9340.jpg,Ocimum Tenuiflorum (Tulsi)
445,Ocimum Tenuiflorum (Tulsi)/9230.jpg,Ocimum Tenuiflorum (Tulsi)
446,Ocimum Tenuiflorum (Tulsi)/6512.jpg,Ocimum Tenuiflorum (Tulsi)
447,Ocimum Tenuiflorum (Tulsi)/19062.jpg,Ocimum Tenuiflorum (Tulsi)
448,Ocimum Tenuiflorum (Tulsi)/14728.jpg,Ocimum Tenuiflorum (Tulsi)
449,Ocimum Tenuiflorum (Tulsi)/12514.jpg,Ocimum Tenuiflorum (Tulsi)
450,Ocimum Tenuiflorum (Tulsi)/9225.jpg,Ocimum Tenuiflorum (Tulsi)
451,Ocimum Tenuiflorum (Tulsi)/9628.jpg,Ocimum Tenuiflorum (Tulsi)
452,Ocimum Tenuiflorum (Tulsi)/10749.jpg,Ocimum Tenuiflorum (Tulsi)
453,Ocimum Tenuiflorum (Tulsi)/11024.jpg,Ocimum Tenuiflorum (Tulsi)
454,Ocimum Tenuiflorum (Tulsi)/7235.jpg,Ocimum Tenuiflorum (Tulsi)
455,Ocimum Tenuiflorum (Tulsi)/18194.jpg,Ocimum Tenuiflorum (Tulsi)
456,Ocimum Tenuiflorum (Tulsi)/12714.jpg,Ocimum Tenuiflorum (Tulsi)
457,Ocimum Tenuiflorum (Tulsi)/7363.jpg,Ocimum Tenuiflorum (Tulsi)
458,Ocimum Tenuiflorum (Tulsi)/18505.jpg,Ocimum Tenuiflorum (Tulsi)
459,Ocimum Tenuiflorum (Tulsi)/11321.jpg,Ocimum Tenuiflorum (Tulsi)
460,Ocimum Tenuiflorum (Tulsi)/8648.jpg,Ocimum Tenuiflorum (Tulsi)
461,Ocimum Tenuiflorum (Tulsi)/4645.jpg,Ocimum Tenuiflorum (Tulsi)
462,Ocimum Tenuiflorum (Tulsi)/9126.jpg,Ocimum Tenuiflorum (Tulsi)
463,Ocimum Tenuiflorum (Tulsi)/7428.jpg,Ocimum Tenuiflorum (Tulsi)
464,Ocimum Tenuiflorum (Tulsi)/19573.jpg,Ocimum Tenuiflorum (Tulsi)
465,Ocimum Tenuiflorum (Tulsi)/6007.jpg,Ocimum Tenuiflorum (Tulsi)
466,Ocimum Tenuiflorum (Tulsi)/9782.jpg,Ocimum Tenuiflorum (Tulsi)
467,Ocimum Tenuiflorum (Tulsi)/1638.jpg,Ocimum Tenuiflorum (Tulsi)
468,Ocimum Tenuiflorum (Tulsi)/11048.jpg,Ocimum Tenuiflorum (Tulsi)
469,Ocimum Tenuiflorum (Tulsi)/1221.jpg,Ocimum Tenuiflorum (Tulsi)
470,Ocimum Tenuiflorum (Tulsi)/13322.jpg,Ocimum Tenuiflorum (Tulsi)
471,Ocimum Tenuiflorum (Tulsi)/10825.jpg,Ocimum Tenuiflorum (Tulsi)
472,Ocimum Tenuiflorum (Tulsi)/11711.jpg,Ocimum Tenuiflorum (Tulsi)
473,Ocimum Tenuiflorum (Tulsi)/3529.jpg,Ocimum Tenuiflorum (Tulsi)
474,Ocimum Tenuiflorum (Tulsi)/16552.jpg,Ocimum Tenuiflorum (Tulsi)
475,Ocimum Tenuiflorum (Tulsi)/9738.jpg,Ocimum Tenuiflorum (Tulsi)
476,Ocimum Tenuiflorum (Tulsi)/19935.jpg,Ocimum Tenuiflorum (Tulsi)
477,Ocimum Tenuiflorum (Tulsi)/5720.jpg,Ocimum Tenuiflorum (Tulsi)
478,Ocimum Tenuiflorum (Tulsi)/18620.jpg,Ocimum Tenuiflorum (Tulsi)
479,Ocimum Tenuiflorum (Tulsi)/15737.jpg,Ocimum Tenuiflorum (Tulsi)
480,Mentha (Mint)/16600.jpg,Mentha (Mint)
481,Mentha (Mint)/8153.jpg,Mentha (Mint)
482,Mentha (Mint)/19779.jpg,Mentha (Mint)
483,Mentha (Mint)/7567.jpg,Mentha (Mint)
484,Mentha (Mint)/4040.jpg,Mentha (Mint)
485,Mentha (Mint)/7691.jpg,Mentha (Mint)
486,Mentha (Mint)/3330.jpg,Mentha (Mint)
487,Mentha (Mint)/12490.jpg,Mentha (Mint)
488,Mentha (Mint)/13553.jpg,Mentha (Mint)
489,Mentha (Mint)/11174.jpg,Mentha (Mint)
490,Mentha (Mint)/1601.jpg,Mentha (Mint)
491,Mentha (Mint)/8910.jpg,Mentha (Mint)
492,Mentha (Mint)/11357.jpg,Mentha (Mint)
493,Mentha (Mint)/11499.jpg,Mentha (Mint)
494,Mentha (Mint)/9879.jpg,Mentha (Mint)
495,Mentha (Mint)/15034.jpg,Mentha (Mint)
496,Mentha (Mint)/18937.jpg,Mentha (Mint)
497,Mentha (Mint)/5753.jpg,Mentha (Mint)
498,Mentha (Mint)/7179.jpg,Mentha (Mint)
499,Mentha (Mint)/4692.jpg,Mentha (Mint)
500,Mentha (Mint)/2853.jpg,Mentha (Mint)
501,Mentha (Mint)/19274.jpg,Mentha (Mint)
502,Mentha (Mint)/18553.jpg,Mentha (Mint)
503,Mentha (Mint)/14925.jpg,Mentha (Mint)
504,Mentha (Mint)/16873.jpg,Mentha (Mint)
505,Mentha (Mint)/15791.jpg,Mentha (Mint)
506,Mentha (Mint)/6071.jpg,Mentha (Mint)
507,Mentha (Mint)/5595.jpg,Mentha (Mint)
508,Mentha (Mint)/1802.jpg,Mentha (Mint)
509,Mentha (Mint)/3754.jpg,Mentha (Mint)
510,Mentha (Mint)/9670.jpg,Mentha (Mint)
511,Mentha (Mint)/16917.jpg,Mentha (Mint)
512,Mentha (Mint)/12204.jpg,Mentha (Mint)
513,Mentha (Mint)/9730.jpg,Mentha (Mint)
514,Mentha (Mint)/18362.jpg,Mentha (Mint)
515,Mentha (Mint)/16607.jpg,Mentha (Mint)
516,Mentha (Mint)/1241.jpg,Mentha (Mint)
517,Mentha (Mint)/10243.jpg,Mentha (Mint)
518,Mentha (Mint)/16824.jpg,Mentha (Mint)
519,Mentha (Mint)/8443.jpg,Mentha (Mint)
520,Ficus Religiosa (Peepal Tree)/7051.jpg,Ficus Religiosa (Peepal Tree)
521,Ficus Religiosa (Peepal Tree)/10544.jpg,Ficus Religiosa (Peepal Tree)
522,Ficus Religiosa (Peepal Tree)/5377.jpg,Ficus Religiosa (Peepal Tree)
523,Ficus Religiosa (Peepal Tree)/7625.jpg,Ficus Religiosa (Peepal Tree)
524,Ficus Religiosa (Peepal Tree)/17201.jpg,Ficus Religiosa (Peepal Tree)
525,Ficus Religiosa (Peepal Tree)/17545.jpg,Ficus Religiosa (Peepal Tree)
526,Ficus Religiosa (Peepal Tree)/3428.jpg,Ficus Religiosa (Peepal Tree)
527,Ficus Religiosa (Peepal Tree)/19431.jpg,Ficus Religiosa (Peepal Tree)
528,Ficus Religiosa (Peepal Tree)/16802.jpg,Ficus Religiosa (Peepal Tree)
529,Ficus Religiosa (Peepal Tree)/2022.jpg,Ficus Religiosa (Peepal Tree)
530,Ficus Religiosa (Peepal Tree)/4200.jpg,Ficus Religiosa (Peepal Tree)
531,Ficus Religiosa (Peepal Tree)/7990.jpg,Ficus Religiosa (Peepal Tree)
532,Ficus Religiosa (Peepal Tree)/15129.jpg,Ficus Religiosa (Peepal Tree)
533,Ficus Religiosa (Peepal Tree)/10969.jpg,Ficus Religiosa (Peepal Tree)
534,Ficus Religiosa (Peepal Tree)/2211.jpg,Ficus Religiosa (Peepal Tree)
535,Ficus Religiosa (Peepal Tree)/11801.jpg,Ficus Religiosa (Peepal Tree)
536,Ficus Religiosa (Peepal Tree)/5338.jpg,Ficus Religiosa (Peepal Tree)
537,Ficus Religiosa (Peepal Tree)/8409.jpg,Ficus Religiosa (Peepal Tree)
538,Ficus Religiosa (Peepal Tree)/3163.jpg,Ficus Religiosa (Peepal Tree)
539,Ficus Religiosa (Peepal Tree)/8243.jpg,Ficus Religiosa (Peepal Tree)
540,Ficus Religiosa (Peepal Tree)/18728.jpg,Ficus Religiosa (Peepal Tree)
541,Ficus Religiosa (Peepal Tree)/13312.jpg,Ficus Religiosa (Peepal Tree)
542,Ficus Religiosa (Peepal Tree)/7072.jpg,Ficus Religiosa (Peepal Tree)
543,Ficus Religiosa (Peepal Tree)/2636.jpg,Ficus Religiosa (Peepal Tree)
544,Ficus Religiosa (Peepal Tree)/14613.jpg,Ficus Religiosa (Peepal Tree)
545,Ficus Religiosa (Peepal Tree)/7478.jpg,Ficus Religiosa (Peepal Tree)
546,Ficus Religiosa (Peepal Tree)/3460.jpg,Ficus Religiosa (Peepal Tree)
547,Ficus Religiosa (Peepal Tree)/11907.jpg,Ficus Religiosa (Peepal Tree)
548,Ficus Religiosa (Peepal Tree)/15383.jpg,Ficus Religiosa (Peepal Tree)
549,Ficus Religiosa (Peepal Tree)/11301.jpg,Ficus Religiosa (Peepal Tree)
550,Ficus Religiosa (Peepal Tree)/8779.jpg,Ficus Religiosa (Peepal Tree)
551,Ficus Religiosa (Peepal Tree)/1805.jpg,Ficus Religiosa (Peepal Tree)
552,Ficus Religiosa (Peepal Tree)/5300.jpg,Ficus Religiosa (Peepal Tree)
553,Ficus Religiosa (Peepal Tree)/6612.jpg,Ficus Religiosa (Peepal Tree)
554,Ficus Religiosa (Peepal Tree)/1074.jpg,Ficus Religiosa (Peepal Tree)
555,Ficus Religiosa (Peepal Tree)/15379.jpg,Ficus Religiosa (Peepal Tree)
556,Ficus Religiosa (Peepal Tree)/14362.jpg,Ficus Religiosa (Peepal Tree)
557,Ficus Religiosa (Peepal Tree)/1187.jpg,Ficus Religiosa (Peepal Tree)
558,Ficus Religiosa (Peepal Tree)/1301.jpg,Ficus Religiosa (Peepal Tree)
559,Ficus Religiosa (Peepal Tree)/9045.jpg,Ficus Religiosa (Peepal Tree)
560,Carissa Carandas (Karanda)/14595.jpg,Carissa Carandas (Karanda)
561,Carissa Carandas (Karanda)/8169.jpg,Carissa Carandas (Karanda)
562,Carissa Carandas (Karanda)/10683.jpg,Carissa Carandas (Karanda)
563,Carissa Carandas (Karanda)/7692.jpg,Carissa Carandas (Karanda)
564,Carissa Carandas (Karanda)/16760.jpg,Carissa Carandas (Karanda)
565,Carissa Carandas (Karanda)/10941.jpg,Carissa Carandas (Karanda)
566,Carissa Carandas (Karanda)/1835.jpg,Carissa Carandas (Karanda)
567,Carissa Carandas (Karanda)/11158.jpg,Carissa Carandas (Karanda)
568,Carissa Carandas (Karanda)/11123.jpg,Carissa Carandas (Karanda)
569,Carissa Carandas (Karanda)/9470.jpg,Carissa Carandas (Karanda)
570,Carissa Carandas (Karanda)/9057.jpg,Carissa Carandas (Karanda)
571,Carissa Carandas (Karanda)/8761.jpg,Carissa Carandas (Karanda)
572,Carissa Carandas (Karanda)/3574.jpg,Carissa Carandas (Karanda)
573,Carissa Carandas (Karanda)/8581.jpg,Carissa Carandas (Karanda)
574,Carissa Carandas (Karanda)/4038.jpg,Carissa Carandas (Karanda)
575,Carissa Carandas (Karanda)/3560.jpg,Carissa Carandas (Karanda)
576,Carissa Carandas (Karanda)/13513.jpg,Carissa Carandas (Karanda)
577,Carissa Carandas (Karanda)/7652.jpg,Carissa Carandas (Karanda)
578,Carissa Carandas (Karanda)/10784.jpg,Carissa Carandas (Karanda)
579,Carissa Carandas (Karanda)/6342.jpg,Carissa Carandas (Karanda)
580,Carissa Carandas (Karanda)/5103.jpg,Carissa Carandas (Karanda)
581,Carissa Carandas (Karanda)/7654.jpg,Carissa Carandas (Karanda)
582,Carissa Carandas (Karanda)/6870.jpg,Carissa Carandas (Karanda)
583,Carissa Carandas (Karanda)/5106.jpg,Carissa Carandas (Karanda)
584,Carissa Carandas (Karanda)/7199.jpg,Carissa Carandas (Karanda)
585,Carissa Carandas (Karanda)/3516.jpg,Carissa Carandas (Karanda)
586,Carissa Carandas (Karanda)/13957.jpg,Carissa Carandas (Karanda)
587,Carissa Carandas (Karanda)/12169.jpg,Carissa Carandas (Karanda)
588,Carissa Carandas (Karanda)/9311.jpg,Carissa Carandas (Karanda)
589,Carissa Carandas (Karanda)/9201.jpg,Carissa Carandas (Karanda)
590,Carissa Carandas (Karanda)/7026.jpg,Carissa Carandas (Karanda)
591,Carissa Carandas (Karanda)/3463.jpg,Carissa Carandas (Karanda)
592,Carissa Carandas (Karanda)/19067.jpg,Carissa Carandas (Karanda)
593,Carissa Carandas (Karanda)/19698.jpg,Carissa Carandas (Karanda)
594,Carissa Carandas (Karanda)/8436.jpg,Carissa Carandas (Karanda)
595,Carissa Carandas (Karanda)/17674.jpg,Carissa Carandas (Karanda)
596,Carissa Carandas (Karanda)/3774.jpg,Carissa Carandas (Karanda)
597,Carissa Carandas (Karanda)/8854.jpg,Carissa Carandas (Karanda)
598,Carissa Carandas (Karanda)/17953.jpg,Carissa Carandas (Karanda)
599,Carissa Carandas (Karanda)/14032.jpg,Carissa Carandas (Karanda)
600,Ficus Auriculata (Roxburgh fig)/7787.jpg,Ficus Auriculata (Roxburgh fig)
601,Ficus Auriculata (Roxburgh fig)/10286.jpg,Ficus Auriculata (Roxburgh fig)
602,Ficus Auriculata (Roxburgh fig)/6051.jpg,Ficus Auriculata (Roxburgh fig)
603,Ficus Auriculata (Roxburgh fig)/7737.jpg,Ficus Auriculata (Roxburgh fig)
604,Ficus Auriculata (Roxburgh fig)/7904.jpg,Ficus Auriculata (Roxburgh fig)
605,Ficus Auriculata (Roxburgh fig)/6842.jpg,Ficus Auriculata (Roxburgh fig)
606,Ficus Auriculata (Roxburgh fig)/14878.jpg,Ficus Auriculata (Roxburgh fig)
607,Ficus Auriculata (Roxburgh fig)/8632.jpg,Ficus Auriculata (Roxburgh fig)
608,Ficus Auriculata (Roxburgh fig)/2148.jpg,Ficus Auriculata (Roxburgh fig)
609,Ficus Auriculata (Roxburgh fig)/8174.jpg,Ficus Auriculata (Roxburgh fig)
610,Ficus Auriculata (Roxburgh fig)/3709.jpg,Ficus Auriculata (Roxburgh fig)
611,Ficus Auriculata (Roxburgh fig)/14777.jpg,Ficus Auriculata (Roxburgh fig)
612,Ficus Auriculata (Roxburgh fig)/15923.jpg,Ficus Auriculata (Roxburgh fig)
613,Ficus Auriculata (Roxburgh fig)/13350.jpg,Ficus Auriculata (Roxburgh fig)
614,Ficus Auriculata (Roxburgh fig)/1731.jpg,Ficus Auriculata (Roxburgh fig)
615,Ficus Auriculata (Roxburgh fig)/5919.jpg,Ficus Auriculata (Roxburgh fig)
616,Ficus Auriculata (Roxburgh fig)/12541.jpg,Ficus Auriculata (Roxburgh fig)
617,Ficus Auriculata (Roxburgh fig)/9131.jpg,Ficus Auriculata (Roxburgh fig)
618,Ficus Auriculata (Roxburgh fig)/15232.jpg,Ficus Auriculata (Roxburgh fig)
619,Ficus Auriculata (Roxburgh fig)/11181.jpg,Ficus Auriculata (Roxburgh fig)
620,Ficus Auriculata (Roxburgh fig)/3981.jpg,Ficus Auriculata (Roxburgh fig)
621,Ficus Auriculata (Roxburgh fig)/2216.jpg,Ficus Auriculata (Roxburgh fig)
622,Ficus Auriculata (Roxburgh fig)/13676.jpg,Ficus Auriculata (Roxburgh fig)
623,Ficus Auriculata (Roxburgh fig)/10955.jpg,Ficus Auriculata (Roxburgh fig)
624,Ficus Auriculata (Roxburgh fig)/16991.jpg,Ficus Auriculata (Roxburgh fig)
625,Ficus Auriculata (Roxburgh fig)/4699.jpg,Ficus Auriculata (Roxburgh fig)
626,Ficus Auriculata (Roxburgh fig)/10048.jpg,Ficus Auriculata (Roxburgh fig)
627,Ficus Auriculata (Roxburgh fig)/14473.jpg,Ficus Auriculata (Roxburgh fig)
628,Ficus Auriculata (Roxburgh fig)/2181.jpg,Ficus Auriculata (Roxburgh fig)
629,Ficus Auriculata (Roxburgh fig)/13375.jpg,Ficus Auriculata (Roxburgh fig)
630,Ficus Auriculata (Roxburgh fig)/8129.jpg,Ficus Auriculata (Roxburgh fig)
631,Ficus Auriculata (Roxburgh fig)/2131.jpg,Ficus Auriculata (Roxburgh fig)
632,Ficus Auriculata (Roxburgh fig)/8394.jpg,Ficus Auriculata (Roxburgh fig)
633,Ficus Auriculata (Roxburgh fig)/15389.jpg,Ficus Auriculata (Roxburgh fig)
634,Ficus Auriculata (Roxburgh fig)/15760.jpg,Ficus Auriculata (Roxburgh fig)
635,Ficus Auriculata (Roxburgh fig)/8163.jpg,Ficus Auriculata (Roxburgh fig)
636,Ficus Auriculata (Roxburgh fig)/13821.jpg,Ficus Auriculata (Roxburgh fig)
637,Ficus Auriculata (Roxburgh fig)/10247.jpg,Ficus Auriculata (Roxburgh fig)
638,Ficus Auriculata (Roxburgh fig)/15893.jpg,Ficus Auriculata (Roxburgh fig)
639,Ficus Auriculata (Roxburgh fig)/4939.jpg,Ficus Auriculata (Roxburgh fig)
640,Moringa Oleifera (Drumstick)/18382.jpg,Moringa Oleifera (Drumstick)
641,Moringa Oleifera (Drumstick)/17918.jpg,Moringa Oleifera (Drumstick)
642,Moringa Oleifera (Drumstick)/15268.jpg,Moringa Oleifera (Drumstick)
643,Moringa Oleifera (Drumstick)/18075.jpg,Moringa Oleifera (Drumstick)
644,Moringa Oleifera (Drumstick)/1944.jpg,Moringa Oleifera (Drumstick)
645,Moringa Oleifera (Drumstick)/9175.jpg,Moringa Oleifera (Drumstick)
646,Moringa Oleifera (Drumstick)/11715.jpg,Moringa Oleifera (Drumstick)
647,Moringa Oleifera (Drumstick)/13332.jpg,Moringa Oleifera (Drumstick)
648,Moringa Oleifera (Drumstick)/6207.jpg,Moringa Oleifera (Drumstick)
649,Moringa Oleifera (Drumstick)/13951.jpg,Moringa Oleifera (Drumstick)
650,Moringa Oleifera (Drumstick)/14901.jpg,Moringa Oleifera (Drumstick)
651,Moringa Oleifera (Drumstick)/6458.jpg,Moringa Oleifera (Drumstick)
652,Moringa Oleifera (Drumstick)/10446.jpg,Moringa Oleifera (Drumstick)
653,Moringa Oleifera (Drumstick)/18195.jpg,Moringa Oleifera (Drumstick)
654,Moringa Oleifera (Drumstick)/10106.jpg,Moringa Oleifera (Drumstick)
655,Moringa Oleifera (Drumstick)/8402.jpg,Moringa Oleifera (Drumstick)
656,Moringa Oleifera (Drumstick)/3976.jpg,Moringa Oleifera (Drumstick)
657,Moringa Oleifera (Drumstick)/7884.jpg,Moringa Oleifera (Drumstick)
658,Moringa Oleifera (Drumstick)/14770.jpg,Moringa Oleifera (Drumstick)
659,Moringa Oleifera (Drumstick)/16297.jpg,Moringa Oleifera (Drumstick)
660,Moringa Oleifera (Drumstick)/6357.jpg,Moringa Oleifera (Drumstick)
661,Moringa Oleifera (Drumstick)/1279.jpg,Moringa Oleifera (Drumstick)
662,Moringa Oleifera (Drumstick)/14519.jpg,Moringa Oleifera (Drumstick)
663,Moringa Oleifera (Drumstick)/12296.jpg,Moringa Oleifera (Drumstick)
664,Moringa Oleifera (Drumstick)/18061.jpg,Moringa Oleifera (Drumstick)
665,Moringa Oleifera (Drumstick)/12726.jpg,Moringa Oleifera (Drumstick)
666,Moringa Oleifera (Drumstick)/12268.jpg,Moringa Oleifera (Drumstick)
667,Moringa Oleifera (Drumstick)/19458.jpg,Moringa Oleifera (Drumstick)
668,Moringa Oleifera (Drumstick)/19866.jpg,Moringa Oleifera (Drumstick)
669,Moringa Oleifera (Drumstick)/4013.jpg,Moringa Oleifera (Drumstick)
670,Moringa Oleifera (Drumstick)/14695.jpg,Moringa Oleifera (Drumstick)
671,Moringa Oleifera (Drumstick)/12209.jpg,Moringa Oleifera (Drumstick)
672,Moringa Oleifera (Drumstick)/3708.jpg,Moringa Oleifera (Drumstick)
673,Moringa Oleifera (Drumstick)/16231.jpg,Moringa Oleifera (Drumstick)
674,Moringa Oleifera (Drumstick)/16841.jpg,Moringa Oleifera (Drumstick)
675,Moringa Oleifera (Drumstick)/8146.jpg,Moringa Oleifera (Drumstick)
676,Moringa Oleifera (Drumstick)/2757.jpg,Moringa Oleifera (Drumstick)
677,Moringa Oleifera (Drumstick)/11906.jpg,Moringa Oleifera (Drumstick)
678,Moringa Oleifera (Drumstick)/13341.jpg,Moringa Oleifera (Drumstick)
679,Moringa Oleifera (Drumstick)/4272.jpg,Moringa Oleifera (Drumstick)
680,Santalum Album (Sandalwood)/17082.jpg,Santalum Album (Sandalwood)
681,Santalum Album (Sandalwood)/8388.jpg,Santalum Album (Sandalwood)
682,Santalum Album (Sandalwood)/5615.jpg,Santalum Album (Sandalwood)
683,Santalum Album (Sandalwood)/11836.jpg,Santalum Album (Sandalwood)
684,Santalum Album (Sandalwood)/7332.jpg,Santalum Album (Sandalwood)
685,Santalum Album (Sandalwood)/16271.jpg,Santalum Album (Sandalwood)
686,Santalum Album (Sandalwood)/4834.jpg,Santalum Album (Sandalwood)
687,Santalum Album (Sandalwood)/8343.jpg,Santalum Album (Sandalwood)
688,Santalum Album (Sandalwood)/17656.jpg,Santalum Album (Sandalwood)
689,Santalum Album (Sandalwood)/8996.jpg,Santalum Album (Sandalwood)
690,Santalum Album (Sandalwood)/13190.jpg,Santalum Album (Sandalwood)
691,Santalum Album (Sandalwood)/5626.jpg,Santalum Album (Sandalwood)
692,Santalum Album (Sandalwood)/15000.jpg,Santalum Album (Sandalwood)
693,Santalum Album (Sandalwood)/12286.jpg,Santalum Album (Sandalwood)
694,Santalum Album (Sandalwood)/11834.jpg,Santalum Album (Sandalwood)
695,Santalum Album (Sandalwood)/11312.jpg,Santalum Album (Sandalwood)
696,Santalum Album (Sandalwood)/19515.jpg,Santalum Album (Sandalwood)
697,Santalum Album (Sandalwood)/10706.jpg,Santalum Album (Sandalwood)
698,Santalum Album (Sandalwood)/18158.jpg,Santalum Album (Sandalwood)
699,Santalum Album (Sandalwood)/18925.jpg,Santalum Album (Sandalwood)
700,Santalum Album (Sandalwood)/11385.jpg,Santalum Album (Sandalwood)
701,Santalum Album (Sandalwood)/17936.jpg,Santalum Album (Sandalwood)
702,Santalum Album (Sandalwood)/12255.jpg,Santalum Album (Sandalwood)
703,Santalum Album (Sandalwood)/1633.jpg,Santalum Album (Sandalwood)
704,Santalum Album (Sandalwood)/11333.jpg,Santalum Album (Sandalwood)
705,Santalum Album (Sandalwood)/3476.jpg,Santalum Album (Sandalwood)
706,Santalum Album (Sandalwood)/18940.jpg,Santalum Album (Sandalwood)
707,Santalum Album (Sandalwood)/12020.jpg,Santalum Album (Sandalwood)
708,Santalum Album (Sandalwood)/10314.jpg,Santalum Album (Sandalwood)
709,Santalum Album (Sandalwood)/7708.jpg,Santalum Album (Sandalwood)
710,Santalum Album (Sandalwood)/11433.jpg,Santalum Album (Sandalwood)
711,Santalum Album (Sandalwood)/16429.jpg,Santalum Album (Sandalwood)
712,Santalum Album (Sandalwood)/4019.jpg,Santalum Album (Sandalwood)
713,Santalum Album (Sandalwood)/8673.jpg,Santalum Album (Sandalwood)
714,Santalum Album (Sandalwood)/12371.jpg,Santalum Album (Sandalwood)
715,Santalum Album (Sandalwood)/17460.jpg,Santalum Album (Sandalwood)
716,Santalum Album (Sandalwood)/18706.jpg,Santalum Album (Sandalwood)
717,Santalum Album (Sandalwood)/15952.jpg,Santalum Album (Sandalwood)
718,Santalum Album (Sandalwood)/18025.jpg,Santalum Album (Sandalwood)
719,Santalum Album (Sandalwood)/9099.jpg,Santalum Album (Sandalwood)
720,Azadirachta Indica (Neem)/5958.jpg,Azadirachta Indica (Neem)
721,Azadirachta Indica (Neem)/6200.jpg,Azadirachta Indica (Neem)
722,Azadirachta Indica (Neem)/16658.jpg,Azadirachta Indica (Neem)
723,Azadirachta Indica (Neem)/10097.jpg,Azadirachta Indica (Neem)
724,Azadirachta Indica (Neem)/6689.jpg,Azadirachta Indica (Neem)
725,Azadirachta Indica (Neem)/6717.jpg,Azadirachta Indica (Neem)
726,Azadirachta Indica (Neem)/7387.jpg,Azadirachta Indica (Neem)
727,Azadirachta Indica (Neem)/14038.jpg,Azadirachta Indica (Neem)
728,Azadirachta Indica (Neem)/14296.jpg,Azadirachta Indica (Neem)
729,Azadirachta Indica (Neem)/14495.jpg,Azadirachta Indica (Neem)
730,Azadirachta Indica (Neem)/8929.jpg,Azadirachta Indica (Neem)
731,Azadirachta Indica (Neem)/9113.jpg,Azadirachta Indica (Neem)
732,Azadirachta Indica (Neem)/9876.jpg,Azadirachta Indica (Neem)
733,Azadirachta Indica (Neem)/3439.jpg,Azadirachta Indica (Neem)
734,Azadirachta Indica (Neem)/19278.jpg,Azadirachta Indica (Neem)
735,Azadirachta Indica (Neem)/17632.jpg,Azadirachta Indica (Neem)
736,Azadirachta Indica (Neem)/13188.jpg,Azadirachta Indica (Neem)
737,Azadirachta Indica (Neem)/12730.jpg,Azadirachta Indica (Neem)
738,Azadirachta Indica (Neem)/2982.jpg,Azadirachta Indica (Neem)
739,Azadirachta Indica (Neem)/1910.jpg,Azadirachta Indica (Neem)
740,Azadirachta Indica (Neem)/17305.jpg,Azadirachta Indica (Neem)
741,Azadirachta Indica (Neem)/16351.jpg,Azadirachta Indica (Neem)
742,Azadirachta Indica (Neem)/4357.jpg,Azadirachta Indica (Neem)
743,Azadirachta Indica (Neem)/4525.jpg,Azadirachta Indica (Neem)
744,Azadirachta Indica (Neem)/10465.jpg,Azadirachta Indica (Neem)
745,Azadirachta Indica (Neem)/6008.jpg,Azadirachta Indica (Neem)
746,Azadirachta Indica (Neem)/1916.jpg,Azadirachta Indica (Neem)
747,Azadirachta Indica (Neem)/12191.jpg,Azadirachta Indica (Neem)
748,Azadirachta Indica (Neem)/12163.jpg,Azadirachta Indica (Neem)
749,Azadirachta Indica (Neem)/18713.jpg,Azadirachta Indica (Neem)
750,Azadirachta Indica (Neem)/7779.jpg,Azadirachta Indica (Neem)
751,Azadirachta Indica (Neem)/16295.jpg,Azadirachta Indica (Neem)
752,Azadirachta Indica (Neem)/7031.jpg,Azadirachta Indica (Neem)
753,Azadirachta Indica (Neem)/15448.jpg,Azadirachta Indica (Neem)
754,Azadirachta Indica (Neem)/15114.jpg,Azadirachta Indica (Neem)
755,Azadirachta Indica (Neem)/19003.jpg,Azadirachta Indica (Neem)
756,Azadirachta Indica (Neem)/1937.jpg,Azadirachta Indica (Neem)
757,Azadirachta Indica (Neem)/14466.jpg,Azadirachta Indica (Neem)
758,Azadirachta Indica (Neem)/2080.jpg,Azadirachta Indica (Neem)
759,Azadirachta Indica (Neem)/19942.jpg,Azadirachta Indica (Neem)
760,Hibiscus Rosa-sinensis/9559.jpg,Hibiscus Rosa-sinensis
761,Hibiscus Rosa-sinensis/4091.jpg,Hibiscus Rosa-sinensis
762,Hibiscus Rosa-sinensis/12478.jpg,Hibiscus Rosa-sinensis
763,Hibiscus Rosa-sinensis/5727.jpg,Hibiscus Rosa-sinensis
764,Hibiscus Rosa-sinensis/19658.jpg,Hibiscus Rosa-sinensis
765,Hibiscus Rosa-sinensis/6607.jpg,Hibiscus Rosa-sinensis
766,Hibiscus Rosa-sinensis/3551.jpg,Hibiscus Rosa-sinensis
767,Hibiscus Rosa-sinensis/16934.jpg,Hibiscus Rosa-sinensis
768,Hibiscus Rosa-sinensis/6916.jpg,Hibiscus Rosa-sinensis
769,Hibiscus Rosa-sinensis/2730.jpg,Hibiscus Rosa-sinensis
770,Hibiscus Rosa-sinensis/9807.jpg,Hibiscus Rosa-sinensis
771,Hibiscus Rosa-sinensis/11440.jpg,Hibiscus Rosa-sinensis
772,Hibiscus Rosa-sinensis/2207.jpg,Hibiscus Rosa-sinensis
773,Hibiscus Rosa-sinensis/8650.jpg,Hibiscus Rosa-sinensis
774,Hibiscus Rosa-sinensis/19318.jpg,Hibiscus Rosa-sinensis
775,Hibiscus Rosa-sinensis/8470.jpg,Hibiscus Rosa-sinensis
776,Hibiscus Rosa-sinensis/7358.jpg,Hibiscus Rosa-sinensis
777,Hibiscus Rosa-sinensis/13098.jpg,Hibiscus Rosa-sinensis
778,Hibiscus Rosa-sinensis/18156.jpg,Hibiscus Rosa-sinensis
779,Hibiscus Rosa-sinensis/12658.jpg,Hibiscus Rosa-sinensis
780,Hibiscus Rosa-sinensis/4737.jpg,Hibiscus Rosa-sinensis
781,Hibiscus Rosa-sinensis/15623.jpg,Hibiscus Rosa-sinensis
782,Hibiscus Rosa-sinensis/19781.jpg,Hibiscus Rosa-sinensis
783,Hibiscus Rosa-sinensis/9139.jpg,Hibiscus Rosa-sinensis
784,Hibiscus Rosa-sinensis/3223.jpg,Hibiscus Rosa-sinensis
785,Hibiscus Rosa-sinensis/12440.jpg,Hibiscus Rosa-sinensis
786,Hibiscus Rosa-sinensis/11856.jpg,Hibiscus Rosa-sinensis
787,Hibiscus Rosa-sinensis/16148.jpg,Hibiscus Rosa-sinensis
788,Hibiscus Rosa-sinensis/14442.jpg,Hibiscus Rosa-sinensis
789,Hibiscus Rosa-sinensis/4633.jpg,Hibiscus Rosa-sinensis
790,Hibiscus Rosa-sinensis/15222.jpg,Hibiscus Rosa-sinensis
791,Hibiscus Rosa-sinensis/14940.jpg,Hibiscus Rosa-sinensis
792,Hibiscus Rosa-sinensis/4760.jpg,Hibiscus Rosa-sinensis
793,Hibiscus Rosa-sinensis/10292.jpg,Hibiscus Rosa-sinensis
794,Hibiscus Rosa-sinensis/4237.jpg,Hibiscus Rosa-sinensis
795,Hibiscus Rosa-sinensis/17378.jpg,Hibiscus Rosa-sinensis
796,Hibiscus Rosa-sinensis/10018.jpg,Hibiscus Rosa-sinensis
797,Hibiscus Rosa-sinensis/10731.jpg,Hibiscus Rosa-sinensis
798,Hibiscus Rosa-sinensis/7036.jpg,Hibiscus Rosa-sinensis
799,Hibiscus Rosa-sinensis/9615.jpg,Hibiscus Rosa-sinensis
800,Alpinia Galanga (Rasna)/2126.jpg,Alpinia Galanga (Rasna)
801,Alpinia Galanga (Rasna)/9510.jpg,Alpinia Galanga (Rasna)
802,Alpinia Galanga (Rasna)/5437.jpg,Alpinia Galanga (Rasna)
803,Alpinia Galanga (Rasna)/19042.jpg,Alpinia Galanga (Rasna)
804,Alpinia Galanga (Rasna)/8925.jpg,Alpinia Galanga (Rasna)
805,Alpinia Galanga (Rasna)/3958.jpg,Alpinia Galanga (Rasna)
806,Alpinia Galanga (Rasna)/15203.jpg,Alpinia Galanga (Rasna)
807,Alpinia Galanga (Rasna)/16362.jpg,Alpinia Galanga (Rasna)
808,Alpinia Galanga (Rasna)/13904.jpg,Alpinia Galanga (Rasna)
809,Alpinia Galanga (Rasna)/14880.jpg,Alpinia Galanga (Rasna)
810,Alpinia Galanga (Rasna)/7913.jpg,Alpinia Galanga (Rasna)
811,Alpinia Galanga (Rasna)/19367.jpg,Alpinia Galanga (Rasna)
812,Alpinia Galanga (Rasna)/18332.jpg,Alpinia Galanga (Rasna)
813,Alpinia Galanga (Rasna)/15876.jpg,Alpinia Galanga (Rasna)
814,Alpinia Galanga (Rasna)/6232.jpg,Alpinia Galanga (Rasna)
815,Alpinia Galanga (Rasna)/14106.jpg,Alpinia Galanga (Rasna)
816,Alpinia Galanga (Rasna)/15685.jpg,Alpinia Galanga (Rasna)
817,Alpinia Galanga (Rasna)/2687.jpg,Alpinia Galanga (Rasna)
818,Alpinia Galanga (Rasna)/10483.jpg,Alpinia Galanga (Rasna)
819,Alpinia Galanga (Rasna)/7587.jpg,Alpinia Galanga (Rasna)
820,Alpinia Galanga (Rasna)/12858.jpg,Alpinia Galanga (Rasna)
821,Alpinia Galanga (Rasna)/12664.jpg,Alpinia Galanga (Rasna)
822,Alpinia Galanga (Rasna)/4230.jpg,Alpinia Galanga (Rasna)
823,Alpinia Galanga (Rasna)/5083.jpg,Alpinia Galanga (Rasna)
824,Alpinia Galanga (Rasna)/13907.jpg,Alpinia Galanga (Rasna)
825,Alpinia Galanga (Rasna)/14234.jpg,Alpinia Galanga (Rasna)
826,Alpinia Galanga (Rasna)/2225.jpg,Alpinia Galanga (Rasna)
827,Alpinia Galanga (Rasna)/7819.jpg,Alpinia Galanga (Rasna)
828,Alpinia Galanga (Rasna)/6550.jpg,Alpinia Galanga (Rasna)
829,Alpinia Galanga (Rasna)/10166.jpg,Alpinia Galanga (Rasna)
830,Alpinia Galanga (Rasna)/19194.jpg,Alpinia Galanga (Rasna)
831,Alpinia Galanga (Rasna)/7946.jpg,Alpinia Galanga (Rasna)
832,Alpinia Galanga (Rasna)/10937.jpg,Alpinia Galanga (Rasna)
833,Alpinia Galanga (Rasna)/12565.jpg,Alpinia Galanga (Rasna)
834,Alpinia Galanga (Rasna)/18712.jpg,Alpinia Galanga (Rasna)
835,Alpinia Galanga (Rasna)/12378.jpg,Alpinia Galanga (Rasna)
836,Alpinia Galanga (Rasna)/6666.jpg,Alpinia Galanga (Rasna)
837,Alpinia Galanga (Rasna)/2122.jpg,Alpinia Galanga (Rasna)
838,Alpinia Galanga (Rasna)/10785.jpg,Alpinia Galanga (Rasna)
839,Alpinia Galanga (Rasna)/8678.jpg,Alpinia Galanga (Rasna)
840,Muntingia Calabura (Jamaica Cherry-Gasagase)/16420.jpg,Muntingia Calabura (Jamaica Cherry-Gasagase)
841,Muntingia Calabura (Jamaica Cherry-Gasagase)/17697.jpg,Muntingia Calabura (Jamaica Cherry-Gasagase)
842,Muntingia Calabura (Jamaica Cherry-Gasagase)/1772.jpg,Muntingia Calabura (Jamaica Cherry-Gasagase)
843,Muntingia Calabura (Jamaica Cherry-Gasagase)/13639.jpg,Muntingia Calabura (Jamaica Cherry-Gasagase)
844,Muntingia Calabura (Jamaica Cherry-Gasagase)/11775.jpg,Muntingia Calabura (Jamaica Cherry-Gasagase)
845,Muntingia Calabura (Jamaica Cherry-Gasagase)/10175.jpg,Muntingia Calabura (Jamaica Cherry-Gasagase)
846,Muntingia Calabura (Jamaica Cherry-Gasagase)/13782.jpg,Muntingia Calabura (Jamaica Cherry-Gasagase)
847,Muntingia Calabura (Jamaica Cherry-Gasagase)/11147.jpg,Muntingia Calabura (Jamaica Cherry-Gasagase)
848,Muntingia Calabura (Jamaica Cherry-Gasagase)/9054.jpg,Muntingia Calabura (Jamaica Cherry-Gasagase)
849,Muntingia Calabura (Jamaica Cherry-Gasagase)/13219.jpg,Muntingia Calabura (Jamaica Cherry-Gasagase)
850,Muntingia Calabura (Jamaica Cherry-Gasagase)/3262.jpg,Muntingia Calabura (Jamaica Cherry-Gasagase)
851,Muntingia Calabura (Jamaica Cherry-Gasagase)/16974.jpg,Muntingia Calabura (Jamaica Cherry-Gasagase)
852,Muntingia Calabura (Jamaica Cherry-Gasagase)/16717.jpg,Muntingia Calabura (Jamaica Cherry-Gasagase)
853,Muntingia Calabura (Jamaica Cherry-Gasagase)/3614.jpg,Muntingia Calabura (Jamaica Cherry-Gasagase)
854,Muntingia Calabura (Jamaica Cherry-Gasagase)/5112.jpg,Muntingia Calabura (Jamaica Cherry-Gasagase)
855,Muntingia Calabura (Jamaica Cherry-Gasagase)/4856.jpg,Muntingia Calabura (Jamaica Cherry-Gasagase)
856,Muntingia Calabura (Jamaica Cherry-Gasagase)/13240.jpg,Muntingia Calabura (Jamaica Cherry-Gasagase)
857,Muntingia Calabura (Jamaica Cherry-Gasagase)/4983.jpg,Muntingia Calabura (Jamaica Cherry-Gasagase)
858,Muntingia Calabura (Jamaica Cherry-Gasagase)/18160.jpg,Muntingia Calabura (Jamaica Cherry-Gasagase)
859,Muntingia Calabura (Jamaica Cherry-Gasagase)/19290.jpg,Muntingia Calabura (Jamaica Cherry-Gasagase)
860,Muntingia Calabura (Jamaica Cherry-Gasagase)/19885.jpg,Muntingia Calabura (Jamaica Cherry-Gasagase)
861,Muntingia Calabura (Jamaica Cherry-Gasagase)/7408.jpg,Muntingia Calabura (Jamaica Cherry-Gasagase)
862,Muntingia Calabura (Jamaica Cherry-Gasagase)/1630.jpg,Muntingia Calabura (Jamaica Cherry-Gasagase)
863,Muntingia Calabura (Jamaica Cherry-Gasagase)/7782.jpg,Muntingia Calabura (Jamaica Cherry-Gasagase)
864,Muntingia Calabura (Jamaica Cherry-Gasagase)/11178.jpg,Muntingia Calabura (Jamaica Cherry-Gasagase)
865,Muntingia Calabura (Jamaica Cherry-Gasagase)/4940.jpg,Muntingia Calabura (Jamaica Cherry-Gasagase)
866,Muntingia Calabura (Jamaica Cherry-Gasagase)/19707.jpg,Muntingia Calabura (Jamaica Cherry-Gasagase)
867,Muntingia Calabura (Jamaica Cherry-Gasagase)/10721.jpg,Muntingia Calabura (Jamaica Cherry-Gasagase)
868,Muntingia Calabura (Jamaica Cherry-Gasagase)/18928.jpg,Muntingia Calabura (Jamaica Cherry-Gasagase)
869,Muntingia Calabura (Jamaica Cherry-Gasagase)/19615.jpg,Muntingia Calabura (Jamaica Cherry-Gasagase)
870,Muntingia Calabura (Jamaica Cherry-Gasagase)/10843.jpg,Muntingia Calabura (Jamaica Cherry-Gasagase)
871,Muntingia Calabura (Jamaica Cherry-Gasagase)/19004.jpg,Muntingia Calabura (Jamaica Cherry-Gasagase)
872,Muntingia Calabura (Jamaica Cherry-Gasagase)/18486.jpg,Muntingia Calabura (Jamaica Cherry-Gasagase)
873,Muntingia Calabura (Jamaica Cherry-Gasagase)/16372.jpg,Muntingia Calabura (Jamaica Cherry-Gasagase)
874,Muntingia Calabura (Jamaica Cherry-Gasagase)/3710.jpg,Muntingia Calabura (Jamaica Cherry-Gasagase)
875,Muntingia Calabura (Jamaica Cherry-Gasagase)/17533.jpg,Muntingia Calabura (Jamaica Cherry-Gasagase)
876,Muntingia Calabura (Jamaica Cherry-Gasagase)/6432.jpg,Muntingia Calabura (Jamaica Cherry-Gasagase)
877,Muntingia Calabura (Jamaica Cherry-Gasagase)/6850.jpg,Muntingia Calabura (Jamaica Cherry-Gasagase)
878,Muntingia Calabura (Jamaica Cherry-Gasagase)/13036.jpg,Muntingia Calabura (Jamaica Cherry-Gasagase)
879,Muntingia Calabura (Jamaica Cherry-Gasagase)/2191.jpg,Muntingia Calabura (Jamaica Cherry-Gasagase)
880,Nyctanthes Arbor-tristis (Parijata)/15636.jpg,Nyctanthes Arbor-tristis (Parijata)
881,Nyctanthes Arbor-tristis (Parijata)/13698.jpg,Nyctanthes Arbor-tristis (Parijata)
882,Nyctanthes Arbor-tristis (Parijata)/19384.jpg,Nyctanthes Arbor-tristis (Parijata)
883,Nyctanthes Arbor-tristis (Parijata)/19926.jpg,Nyctanthes Arbor-tristis (Parijata)
884,Nyctanthes Arbor-tristis (Parijata)/8044.jpg,Nyctanthes Arbor-tristis (Parijata)
885,Nyctanthes Arbor-tristis (Parijata)/14130.jpg,Nyctanthes Arbor-tristis (Parijata)
886,Nyctanthes Arbor-tristis (Parijata)/7694.jpg,Nyctanthes Arbor-tristis (Parijata)
887,Nyctanthes Arbor-tristis (Parijata)/5619.jpg,Nyctanthes Arbor-tristis (Parijata)
888,Nyctanthes Arbor-tristis (Parijata)/10140.jpg,Nyctanthes Arbor-tristis (Parijata)
889,Nyctanthes Arbor-tristis (Parijata)/1142.jpg,Nyctanthes Arbor-tristis (Parijata)
890,Nyctanthes Arbor-tristis (Parijata)/15910.jpg,Nyctanthes Arbor-tristis (Parijata)
891,Nyctanthes Arbor-tristis (Parijata)/14110.jpg,Nyctanthes Arbor-tristis (Parijata)
892,Nyctanthes Arbor-tristis (Parijata)/4618.jpg,Nyctanthes Arbor-tristis (Parijata)
893,Nyctanthes Arbor-tristis (Parijata)/7880.jpg,Nyctanthes Arbor-tristis (Parijata)
894,Nyctanthes Arbor-tristis (Parijata)/12883.jpg,Nyctanthes Arbor-tristis (Parijata)
895,Nyctanthes Arbor-tristis (Parijata)/16006.jpg,Nyctanthes Arbor-tristis (Parijata)
896,Nyctanthes Arbor-tristis (Parijata)/3744.jpg,Nyctanthes Arbor-tristis (Parijata)
897,Nyctanthes Arbor-tristis (Parijata)/14529.jpg,Nyctanthes Arbor-tristis (Parijata)
898,Nyctanthes Arbor-tristis (Parijata)/13116.jpg,Nyctanthes Arbor-tristis (Parijata)
899,Nyctanthes Arbor-tristis (Parijata)/3871.jpg,Nyctanthes Arbor-tristis (Parijata)
900,Nyctanthes Arbor-tristis (Parijata)/4101.jpg,Nyctanthes Arbor-tristis (Parijata)
901,Nyctanthes Arbor-tristis (Parijata)/18296.jpg,Nyctanthes Arbor-tristis (Parijata)
902,Nyctanthes Arbor-tristis (Parijata)/2623.jpg,Nyctanthes Arbor-tristis (Parijata)
903,Nyctanthes Arbor-tristis (Parijata)/6518.jpg,Nyctanthes Arbor-tristis (Parijata)
904,Nyctanthes Arbor-tristis (Parijata)/18208.jpg,Nyctanthes Arbor-tristis (Parijata)
905,Nyctanthes Arbor-tristis (Parijata)/8375.jpg,Nyctanthes Arbor-tristis (Parijata)
906,Nyctanthes Arbor-tristis (Parijata)/5251.jpg,Nyctanthes Arbor-tristis (Parijata)
907,Nyctanthes Arbor-tristis (Parijata)/15716.jpg,Nyctanthes Arbor-tristis (Parijata)
908,Nyctanthes Arbor-tristis (Parijata)/15343.jpg,Nyctanthes Arbor-tristis (Parijata)
909,Nyctanthes Arbor-tristis (Parijata)/18520.jpg,Nyctanthes Arbor-tristis (Parijata)
910,Nyctanthes Arbor-tristis (Parijata)/7320.jpg,Nyctanthes Arbor-tristis (Parijata)
911,Nyctanthes Arbor-tristis (Parijata)/4084.jpg,Nyctanthes Arbor-tristis (Parijata)
912,Nyctanthes Arbor-tristis (Parijata)/13717.jpg,Nyctanthes Arbor-tristis (Parijata)
913,Nyctanthes Arbor-tristis (Parijata)/9954.jpg,Nyctanthes Arbor-tristis (Parijata)
914,Nyctanthes Arbor-tristis (Parijata)/12574.jpg,Nyctanthes Arbor-tristis (Parijata)
915,Nyctanthes Arbor-tristis (Parijata)/16523.jpg,Nyctanthes Arbor-tristis (Parijata)
916,Nyctanthes Arbor-tristis (Parijata)/10062.jpg,Nyctanthes Arbor-tristis (Parijata)
917,Nyctanthes Arbor-tristis (Parijata)/11930.jpg,Nyctanthes Arbor-tristis (Parijata)
918,Nyctanthes Arbor-tristis (Parijata)/4714.jpg,Nyctanthes Arbor-tristis (Parijata)
919,Nyctanthes Arbor-tristis (Parijata)/4769.jpg,Nyctanthes Arbor-tristis (Parijata)
920,Pongamia Pinnata (Indian Beech)/9509.jpg,Pongamia Pinnata (Indian Beech)
921,Pongamia Pinnata (Indian Beech)/10307.jpg,Pongamia Pinnata (Indian Beech)
922,Pongamia Pinnata (Indian Beech)/6913.jpg,Pongamia Pinnata (Indian Beech)
923,Pongamia Pinnata (Indian Beech)/11292.jpg,Pongamia Pinnata (Indian Beech)
924,Pongamia Pinnata (Indian Beech)/14259.jpg,Pongamia Pinnata (Indian Beech)
925,Pongamia Pinnata (Indian Beech)/14781.jpg,Pongamia Pinnata (Indian Beech)
926,Pongamia Pinnata (Indian Beech)/17380.jpg,Pongamia Pinnata (Indian Beech)
927,Pongamia Pinnata (Indian Beech)/18885.jpg,Pongamia Pinnata (Indian Beech)
928,Pongamia Pinnata (Indian Beech)/16826.jpg,Pongamia Pinnata (Indian Beech)
929,Pongamia Pinnata (Indian Beech)/2383.jpg,Pongamia Pinnata (Indian Beech)
930,Pongamia Pinnata (Indian Beech)/3790.jpg,Pongamia Pinnata (Indian Beech)
931,Pongamia Pinnata (Indian Beech)/12095.jpg,Pongamia Pinnata (Indian Beech)
932,Pongamia Pinnata (Indian Beech)/7521.jpg,Pongamia Pinnata (Indian Beech)
933,Pongamia Pinnata (Indian Beech)/6169.jpg,Pongamia Pinnata (Indian Beech)
934,Pongamia Pinnata (Indian Beech)/2447.jpg,Pongamia Pinnata (Indian Beech)
935,Pongamia Pinnata (Indian Beech)/17227.jpg,Pongamia Pinnata (Indian Beech)
936,Pongamia Pinnata (Indian Beech)/12560.jpg,Pongamia Pinnata (Indian Beech)
937,Pongamia Pinnata (Indian Beech)/11672.jpg,Pongamia Pinnata (Indian Beech)
938,Pongamia Pinnata (Indian Beech)/3913.jpg,Pongamia Pinnata (Indian Beech)
939,Pongamia Pinnata (Indian Beech)/11968.jpg,Pongamia Pinnata (Indian Beech)
940,Pongamia Pinnata (Indian Beech)/8020.jpg,Pongamia Pinnata (Indian Beech)
941,Pongamia Pinnata (Indian Beech)/4181.jpg,Pongamia Pinnata (Indian Beech)
942,Pongamia Pinnata (Indian Beech)/18029.jpg,Pongamia Pinnata (Indian Beech)
943,Pongamia Pinnata (Indian Beech)/12851.jpg,Pongamia Pinnata (Indian Beech)
944,Pongamia Pinnata (Indian Beech)/17383.jpg,Pongamia Pinnata (Indian Beech)
945,Pongamia Pinnata (Indian Beech)/2235.jpg,Pongamia Pinnata (Indian Beech)
946,Pongamia Pinnata (Indian Beech)/16876.jpg,Pongamia Pinnata (Indian Beech)
947,Pongamia Pinnata (Indian Beech)/11817.jpg,Pongamia Pinnata (Indian Beech)
948,Pongamia Pinnata (Indian Beech)/3586.jpg,Pongamia Pinnata (Indian Beech)
949,Pongamia Pinnata (Indian Beech)/16936.jpg,Pongamia Pinnata (Indian Beech)
950,Pongamia Pinnata (Indian Beech)/2693.jpg,Pongamia Pinnata (Indian Beech)
951,Pongamia Pinnata (Indian Beech)/16546.jpg,Pongamia Pinnata (Indian Beech)
952,Pongamia Pinnata (Indian Beech)/14279.jpg,Pongamia Pinnata (Indian Beech)
953,Pongamia Pinnata (Indian Beech)/12007.jpg,Pongamia Pinnata (Indian Beech)
954,Pongamia Pinnata (Indian Beech)/5659.jpg,Pongamia Pinnata (Indian Beech)
955,Pongamia Pinnata (Indian Beech)/5075.jpg,Pongamia Pinnata (Indian Beech)
956,Pongamia Pinnata (Indian Beech)/7017.jpg,Pongamia Pinnata (Indian Beech)
957,Pongamia Pinnata (Indian Beech)/2881.jpg,Pongamia Pinnata (Indian Beech)
958,Pongamia Pinnata (Indian Beech)/11937.jpg,Pongamia Pinnata (Indian Beech)
959,Pongamia Pinnata (Indian Beech)/13612.jpg,Pongamia Pinnata (Indian Beech)
960,Citrus Limon (Lemon)/1816.jpg,Citrus Limon (Lemon)
961,Citrus Limon (Lemon)/8905.jpg,Citrus Limon (Lemon)
962,Citrus Limon (Lemon)/4092.jpg,Citrus Limon (Lemon)
963,Citrus Limon (Lemon)/16103.jpg,Citrus Limon (Lemon)
964,Citrus Limon (Lemon)/1373.jpg,Citrus Limon (Lemon)
965,Citrus Limon (Lemon)/12211.jpg,Citrus Limon (Lemon)
966,Citrus Limon (Lemon)/8171.jpg,Citrus Limon (Lemon)
967,Citrus Limon (Lemon)/7752.jpg,Citrus Limon (Lemon)
968,Citrus Limon (Lemon)/7169.jpg,Citrus Limon (Lemon)
969,Citrus Limon (Lemon)/2717.jpg,Citrus Limon (Lemon)
970,Citrus Limon (Lemon)/17454.jpg,Citrus Limon (Lemon)
971,Citrus Limon (Lemon)/4976.jpg,Citrus Limon (Lemon)
972,Citrus Limon (Lemon)/19455.jpg,Citrus Limon (Lemon)
973,Citrus Limon (Lemon)/6847.jpg,Citrus Limon (Lemon)
974,Citrus Limon (Lemon)/16976.jpg,Citrus Limon (Lemon)
975,Citrus Limon (Lemon)/19592.jpg,Citrus Limon (Lemon)
976,Citrus Limon (Lemon)/17894.jpg,Citrus Limon (Lemon)
977,Citrus Limon (Lemon)/1426.jpg,Citrus Limon (Lemon)
978,Citrus Limon (Lemon)/9074.jpg,Citrus Limon (Lemon)
979,Citrus Limon (Lemon)/16192.jpg,Citrus Limon (Lemon)
980,Citrus Limon (Lemon)/8021.jpg,Citrus Limon (Lemon)
981,Citrus Limon (Lemon)/15796.jpg,Citrus Limon (Lemon)
982,Citrus Limon (Lemon)/7071.jpg,Citrus Limon (Lemon)
983,Citrus Limon (Lemon)/3917.jpg,Citrus Limon (Lemon)
984,Citrus Limon (Lemon)/5413.jpg,Citrus Limon (Lemon)
985,Citrus Limon (Lemon)/18961.jpg,Citrus Limon (Lemon)
986,Citrus Limon (Lemon)/12785.jpg,Citrus Limon (Lemon)
987,Citrus Limon (Lemon)/4296.jpg,Citrus Limon (Lemon)
988,Citrus Limon (Lemon)/8306.jpg,Citrus Limon (Lemon)
989,Citrus Limon (Lemon)/11854.jpg,Citrus Limon (Lemon)
990,Citrus Limon (Lemon)/17691.jpg,Citrus Limon (Lemon)
991,Citrus Limon (Lemon)/17597.jpg,Citrus Limon (Lemon)
992,Citrus Limon (Lemon)/8128.jpg,Citrus Limon (Lemon)
993,Citrus Limon (Lemon)/4778.jpg,Citrus Limon (Lemon)
994,Citrus Limon (Lemon)/11532.jpg,Citrus Limon (Lemon)
995,Citrus Limon (Lemon)/16731.jpg,Citrus Limon (Lemon)
996,Citrus Limon (Lemon)/15538.jpg,Citrus Limon (Lemon)
997,Citrus Limon (Lemon)/6682.jpg,Citrus Limon (Lemon)
998,Citrus Limon (Lemon)/8568.jpg,Citrus Limon (Lemon)
999,Citrus Limon (Lemon)/1704.jpg,Citrus Limon (Lemon)
